timestamp,open,high,low,close,volume
2026-06-12 02:00:00,2.2,2.2,2.19993,2.19994,169.02
2026-06-12 02:01:00,2.19994,2.20012,2.19981,2.19999,149.74
2026-06-12 02:02:00,2.19999,2.2001,2.19997,2.20007,275.71
2026-06-12 02:03:00,2.20007,2.20025,2.20006,2.20024,77.06
2026-06-12 02:04:00,2.20024,2.2003,2.20004,2.2001,144.22
2026-06-12 02:05:00,2.2001,2.20037,2.20003,2.2003,86.1
2026-06-12 02:06:00,2.2003,2.20033,2.20022,2.20025,124.44
2026-06-12 02:07:00,2.20025,2.20041,2.20015,2.20031,111.02
2026-06-12 02:08:00,2.20031,2.20042,2.20024,2.20036,121.09
2026-06-12 02:09:00,2.20036,2.20045,2.20023,2.20032,88.88
2026-06-12 02:10:00,2.20032,2.20037,2.20005,2.2001,253.92
2026-06-12 02:11:00,2.2001,2.20028,2.20004,2.20022,182.57
2026-06-12 02:12:00,2.20022,2.20027,2.19986,2.19991,227.56
2026-06-12 02:13:00,2.19991,2.19997,2.19988,2.19994,286.59
2026-06-12 02:14:00,2.19994,2.20007,2.19986,2.2,92.27
2026-06-12 02:15:00,2.2,2.20017,2.19999,2.20017,90.89
2026-06-12 02:16:00,2.20017,2.2002,2.20013,2.20016,132.86
2026-06-12 02:17:00,2.20016,2.20018,2.20007,2.20008,151.68
2026-06-12 02:18:00,2.20008,2.20017,2.19976,2.19984,83.3
2026-06-12 02:19:00,2.19984,2.20001,2.19982,2.19999,319.15
2026-06-12 02:20:00,2.19999,2.20012,2.19992,2.20006,78.17
2026-06-12 02:21:00,2.20006,2.20031,2.20002,2.20027,128.48
2026-06-12 02:22:00,2.20027,2.2006,2.20025,2.20058,135.77
2026-06-12 02:23:00,2.20058,2.20065,2.20003,2.2001,122.57
2026-06-12 02:24:00,2.2001,2.20016,2.19987,2.19993,146.94
2026-06-12 02:25:00,2.19993,2.20005,2.19985,2.19997,161.26
2026-06-12 02:26:00,2.19997,2.20008,2.19996,2.20007,139.95
2026-06-12 02:27:00,2.20007,2.2001,2.20002,2.20004,80.12
2026-06-12 02:28:00,2.20004,2.20008,2.19978,2.19982,97.89
2026-06-12 02:29:00,2.19982,2.19983,2.19951,2.19952,172.53
2026-06-12 02:30:00,2.19952,2.1997,2.19945,2.19963,163.57
2026-06-12 02:31:00,2.19963,2.19968,2.19952,2.19957,101.38
2026-06-12 02:32:00,2.19957,2.19994,2.19947,2.19984,185.61
2026-06-12 02:33:00,2.19984,2.20005,2.19981,2.20001,96.31
2026-06-12 02:34:00,2.20001,2.20037,2.19991,2.20027,129.43
2026-06-12 02:35:00,2.20027,2.20031,2.20018,2.20023,150.44
2026-06-12 02:36:00,2.20023,2.20056,2.20015,2.20048,216.18
2026-06-12 02:37:00,2.20048,2.2005,2.20029,2.20031,101.34
2026-06-12 02:38:00,2.20031,2.20066,2.20023,2.20058,130.86
2026-06-12 02:39:00,2.20058,2.20067,2.20051,2.20061,97.18
2026-06-12 02:40:00,2.20061,2.20072,2.20058,2.20069,88.14
2026-06-12 02:41:00,2.20069,2.2009,2.20063,2.20084,131.74
2026-06-12 02:42:00,2.20084,2.20088,2.20062,2.20067,105.48
2026-06-12 02:43:00,2.20067,2.20088,2.20063,2.20084,160.3
2026-06-12 02:44:00,2.20084,2.20094,2.20069,2.20079,172.25
2026-06-12 02:45:00,2.20079,2.2008,2.20056,2.20057,137.1
2026-06-12 02:46:00,2.20057,2.20094,2.20053,2.2009,100.39
2026-06-12 02:47:00,2.2009,2.2009,2.20065,2.20066,124.33
2026-06-12 02:48:00,2.20066,2.20075,2.20042,2.20052,180.75
2026-06-12 02:49:00,2.20052,2.20076,2.20043,2.20067,184.18
2026-06-12 02:50:00,2.20067,2.20071,2.20057,2.20061,162.24
2026-06-12 02:51:00,2.20061,2.2007,2.20053,2.20062,205.05
2026-06-12 02:52:00,2.20062,2.20063,2.20044,2.20046,222.51
2026-06-12 02:53:00,2.20046,2.20052,2.20034,2.20041,137.05
2026-06-12 02:54:00,2.20041,2.20043,2.20022,2.20024,153.62
2026-06-12 02:55:00,2.20024,2.20027,2.20011,2.20013,162.13
2026-06-12 02:56:00,2.20013,2.20053,2.20012,2.20051,188.47
2026-06-12 02:57:00,2.20051,2.20065,2.20017,2.20031,223.37
2026-06-12 02:58:00,2.20031,2.20042,2.2003,2.20042,161.42
2026-06-12 02:59:00,2.20042,2.20046,2.20001,2.20005,89.46
2026-06-12 03:00:00,2.20005,2.20015,2.20004,2.20014,123.47
2026-06-12 03:01:00,2.20014,2.20016,2.19999,2.20002,90.49
2026-06-12 03:02:00,2.20002,2.20042,2.19993,2.20032,141.66
2026-06-12 03:03:00,2.20032,2.20059,2.2003,2.20057,182.54
2026-06-12 03:04:00,2.20057,2.20061,2.20052,2.20056,125.11
2026-06-12 03:05:00,2.20056,2.20058,2.20033,2.20035,147.51
2026-06-12 03:06:00,2.20035,2.20047,2.20031,2.20042,137.45
2026-06-12 03:07:00,2.20042,2.20048,2.20032,2.20037,111.05
2026-06-12 03:08:00,2.20037,2.20039,2.20032,2.20033,112.14
2026-06-12 03:09:00,2.20033,2.20041,2.20021,2.20028,84.26
2026-06-12 03:10:00,2.20028,2.20084,2.20023,2.20079,103.4
2026-06-12 03:11:00,2.20079,2.20082,2.20078,2.2008,141.36
2026-06-12 03:12:00,2.2008,2.20081,2.20057,2.20059,192.94
2026-06-12 03:13:00,2.20059,2.2006,2.20028,2.20029,160.3
2026-06-12 03:14:00,2.20029,2.20038,2.20018,2.20027,98.14
2026-06-12 03:15:00,2.20027,2.20038,2.20008,2.20019,202.64
2026-06-12 03:16:00,2.20019,2.20034,2.2001,2.20025,134.75
2026-06-12 03:17:00,2.20025,2.2003,2.1998,2.19986,229.53
2026-06-12 03:18:00,2.19986,2.20014,2.19976,2.20005,181.82
2026-06-12 03:19:00,2.20005,2.20023,2.19997,2.20015,110.13
2026-06-12 03:20:00,2.20015,2.2002,2.20012,2.20016,147.97
2026-06-12 03:21:00,2.20016,2.20017,2.20015,2.20015,158.85
2026-06-12 03:22:00,2.20015,2.20024,2.19963,2.19972,68.25
2026-06-12 03:23:00,2.19972,2.19974,2.19959,2.1996,127.33
2026-06-12 03:24:00,2.1996,2.19977,2.19959,2.19975,140.48
2026-06-12 03:25:00,2.19975,2.20014,2.19967,2.20007,110.27
2026-06-12 03:26:00,2.20007,2.2005,2.20003,2.20047,145.64
2026-06-12 03:27:00,2.20047,2.20048,2.20035,2.20036,93.31
2026-06-12 03:28:00,2.20036,2.2004,2.20034,2.20038,70.46
2026-06-12 03:29:00,2.20038,2.20061,2.2003,2.20053,154.11
2026-06-12 03:30:00,2.20053,2.20099,2.20051,2.20097,236.43
2026-06-12 03:31:00,2.20097,2.20098,2.20082,2.20082,125.61
2026-06-12 03:32:00,2.20082,2.20122,2.20072,2.20112,185.04
2026-06-12 03:33:00,2.20112,2.20118,2.20108,2.20115,96.44
2026-06-12 03:34:00,2.20115,2.20122,2.20101,2.20108,305.26
2026-06-12 03:35:00,2.20108,2.20114,2.20087,2.20093,292.24
2026-06-12 03:36:00,2.20093,2.20097,2.2008,2.20084,223.72
2026-06-12 03:37:00,2.20084,2.20091,2.20055,2.20062,161.88
2026-06-12 03:38:00,2.20062,2.20077,2.20046,2.20061,89.59
2026-06-12 03:39:00,2.20061,2.20071,2.20047,2.20056,119.27
2026-06-12 03:40:00,2.20056,2.20067,2.20027,2.20038,120.36
2026-06-12 03:41:00,2.20038,2.20059,2.20019,2.2004,141.2
2026-06-12 03:42:00,2.2004,2.20052,2.20037,2.20049,93.02
2026-06-12 03:43:00,2.20049,2.20059,2.2003,2.20041,247.26
2026-06-12 03:44:00,2.20041,2.20058,2.20039,2.20056,81.02
2026-06-12 03:45:00,2.20056,2.20059,2.20036,2.20038,119.23
2026-06-12 03:46:00,2.20038,2.20043,2.20022,2.20027,128.61
2026-06-12 03:47:00,2.20027,2.20036,2.20022,2.20031,204.15
2026-06-12 03:48:00,2.20031,2.20071,2.20021,2.20062,56.32
2026-06-12 03:49:00,2.20062,2.20063,2.20055,2.20056,142.1
2026-06-12 03:50:00,2.20056,2.20076,2.20048,2.20068,183.98
2026-06-12 03:51:00,2.20068,2.20071,2.20054,2.20057,108.59
2026-06-12 03:52:00,2.20057,2.20087,2.20042,2.20072,122.49
2026-06-12 03:53:00,2.20072,2.20072,2.20026,2.20026,136.71
2026-06-12 03:54:00,2.20026,2.20038,2.20026,2.20038,118.88
2026-06-12 03:55:00,2.20038,2.20048,2.20035,2.20045,154.27
2026-06-12 03:56:00,2.20045,2.20049,2.20041,2.20045,112.53
2026-06-12 03:57:00,2.20045,2.20047,2.20035,2.20037,94.79
2026-06-12 03:58:00,2.20037,2.2005,2.20032,2.20044,226.58
2026-06-12 03:59:00,2.20044,2.20045,2.20025,2.20026,169.41
2026-06-12 04:00:00,2.20026,2.20031,2.20016,2.20021,136.6
2026-06-12 04:01:00,2.20021,2.20022,2.20011,2.20012,74.99
2026-06-12 04:02:00,2.20012,2.20038,2.20008,2.20034,112.87
2026-06-12 04:03:00,2.20034,2.20039,2.20022,2.20027,283.45
2026-06-12 04:04:00,2.20027,2.2004,2.20011,2.20024,149.54
2026-06-12 04:05:00,2.20024,2.20029,2.20023,2.20028,307.7
2026-06-12 04:06:00,2.20028,2.20052,2.20019,2.20043,161.11
2026-06-12 04:07:00,2.20043,2.20044,2.2001,2.20011,126.02
2026-06-12 04:08:00,2.20011,2.20011,2.19998,2.19998,163.22
2026-06-12 04:09:00,2.19998,2.20031,2.19997,2.20029,225.75
2026-06-12 04:10:00,2.20029,2.20034,2.20022,2.20026,225.87
2026-06-12 04:11:00,2.20026,2.20033,2.20008,2.20015,149.36
2026-06-12 04:12:00,2.20015,2.20023,2.20008,2.20016,194.27
2026-06-12 04:13:00,2.20016,2.20043,2.20015,2.20042,99.09
2026-06-12 04:14:00,2.20042,2.20066,2.20031,2.20055,187.05
2026-06-12 04:15:00,2.20055,2.20056,2.20009,2.2001,105.0
2026-06-12 04:16:00,2.2001,2.20016,2.20007,2.20012,121.54
2026-06-12 04:17:00,2.20012,2.20023,2.20011,2.20021,75.17
2026-06-12 04:18:00,2.20021,2.20046,2.20015,2.20041,91.88
2026-06-12 04:19:00,2.20041,2.20064,2.20039,2.20062,120.41
2026-06-12 04:20:00,2.20062,2.20077,2.20048,2.20063,102.59
2026-06-12 04:21:00,2.20063,2.2007,2.20045,2.20052,162.64
2026-06-12 04:22:00,2.20052,2.20061,2.20028,2.20037,191.13
2026-06-12 04:23:00,2.20037,2.20074,2.20025,2.20062,210.54
2026-06-12 04:24:00,2.20062,2.20084,2.20062,2.20084,88.65
2026-06-12 04:25:00,2.20084,2.20089,2.20076,2.20081,118.26
2026-06-12 04:26:00,2.20081,2.20081,2.20078,2.20079,204.75
2026-06-12 04:27:00,2.20079,2.20082,2.20023,2.20026,197.21
2026-06-12 04:28:00,2.20026,2.20029,2.20008,2.2001,98.5
2026-06-12 04:29:00,2.2001,2.20052,2.20003,2.20044,144.15
2026-06-12 04:30:00,2.20044,2.20067,2.20039,2.20062,168.16
2026-06-12 04:31:00,2.20062,2.20063,2.20057,2.20059,196.13
2026-06-12 04:32:00,2.20059,2.20061,2.20031,2.20034,177.81
2026-06-12 04:33:00,2.20034,2.20036,2.20025,2.20027,226.12
2026-06-12 04:34:00,2.20027,2.20059,2.20023,2.20055,164.52
2026-06-12 04:35:00,2.20055,2.20056,2.2004,2.20041,125.92
2026-06-12 04:36:00,2.20041,2.2006,2.20038,2.20057,114.97
2026-06-12 04:37:00,2.20057,2.20059,2.20026,2.20028,120.19
2026-06-12 04:38:00,2.20028,2.20031,2.20017,2.20021,81.52
2026-06-12 04:39:00,2.20021,2.20023,2.20007,2.2001,138.5
2026-06-12 04:40:00,2.2001,2.20015,2.20002,2.20007,167.45
2026-06-12 04:41:00,2.20007,2.20009,2.20005,2.20007,115.43
2026-06-12 04:42:00,2.20007,2.20017,2.2,2.2001,112.28
2026-06-12 04:43:00,2.2001,2.20019,2.19985,2.19994,170.12
2026-06-12 04:44:00,2.19994,2.19997,2.19985,2.19988,78.17
2026-06-12 04:45:00,2.19988,2.2,2.19955,2.19967,282.75
2026-06-12 04:46:00,2.19967,2.19967,2.1996,2.1996,69.27
2026-06-12 04:47:00,2.1996,2.19964,2.19959,2.19963,161.56
2026-06-12 04:48:00,2.19963,2.19968,2.19955,2.19961,139.1
2026-06-12 04:49:00,2.19961,2.19974,2.1996,2.19973,91.8
2026-06-12 04:50:00,2.19973,2.1999,2.1997,2.19987,162.43
2026-06-12 04:51:00,2.19987,2.19992,2.19968,2.19973,158.29
2026-06-12 04:52:00,2.19973,2.19979,2.19971,2.19977,49.28
2026-06-12 04:53:00,2.19977,2.19988,2.19974,2.19984,86.72
2026-06-12 04:54:00,2.19984,2.2,2.19978,2.19994,111.88
2026-06-12 04:55:00,2.19994,2.20007,2.19987,2.19999,104.75
2026-06-12 04:56:00,2.19999,2.20016,2.19999,2.20016,132.26
2026-06-12 04:57:00,2.20016,2.20019,2.20011,2.20014,206.6
2026-06-12 04:58:00,2.20014,2.2002,2.20012,2.20018,138.14
2026-06-12 04:59:00,2.20018,2.20023,2.20001,2.20006,174.69
2026-06-12 05:00:00,2.20006,2.20042,2.20005,2.20041,175.05
2026-06-12 05:01:00,2.20041,2.20058,2.20039,2.20056,118.89
2026-06-12 05:02:00,2.20056,2.20067,2.20047,2.20058,81.01
2026-06-12 05:03:00,2.20058,2.20075,2.20043,2.2006,162.96
2026-06-12 05:04:00,2.2006,2.20101,2.20056,2.20098,118.85
2026-06-12 05:05:00,2.20098,2.20104,2.2006,2.20066,129.4
2026-06-12 05:06:00,2.20066,2.20113,2.20054,2.20101,102.96
2026-06-12 05:07:00,2.20101,2.20145,2.20097,2.20141,171.99
2026-06-12 05:08:00,2.20141,2.20147,2.20116,2.20121,192.32
2026-06-12 05:09:00,2.20121,2.20126,2.20078,2.20082,175.01
2026-06-12 05:10:00,2.20082,2.20086,2.2006,2.20064,137.93
2026-06-12 05:11:00,2.20064,2.20079,2.20064,2.20079,156.98
2026-06-12 05:12:00,2.20079,2.2008,2.20068,2.2007,393.51
2026-06-12 05:13:00,2.2007,2.20075,2.20055,2.2006,140.0
2026-06-12 05:14:00,2.2006,2.20063,2.20059,2.20062,120.26
2026-06-12 05:15:00,2.20062,2.20062,2.2006,2.2006,158.58
2026-06-12 05:16:00,2.2006,2.20072,2.2006,2.20071,130.74
2026-06-12 05:17:00,2.20071,2.20072,2.20069,2.2007,147.68
2026-06-12 05:18:00,2.2007,2.20088,2.20069,2.20087,83.89
2026-06-12 05:19:00,2.20087,2.20096,2.20058,2.20067,80.61
2026-06-12 05:20:00,2.20067,2.20079,2.20061,2.20073,156.9
2026-06-12 05:21:00,2.20073,2.2008,2.20059,2.20067,175.95
2026-06-12 05:22:00,2.20067,2.20076,2.20064,2.20073,115.89
2026-06-12 05:23:00,2.20073,2.20081,2.20069,2.20077,163.92
2026-06-12 05:24:00,2.20077,2.20084,2.20058,2.20065,124.41
2026-06-12 05:25:00,2.20065,2.20071,2.20058,2.20064,171.94
2026-06-12 05:26:00,2.20064,2.20065,2.20036,2.20038,234.5
2026-06-12 05:27:00,2.20038,2.20042,2.20011,2.20016,182.74
2026-06-12 05:28:00,2.20016,2.20046,2.20011,2.2004,129.37
2026-06-12 05:29:00,2.2004,2.20045,2.20023,2.20028,125.82
2026-06-12 05:30:00,2.20028,2.20029,2.20013,2.20013,186.73
2026-06-12 05:31:00,2.20013,2.20031,2.20011,2.20029,195.52
2026-06-12 05:32:00,2.20029,2.20034,2.20013,2.20017,180.42
2026-06-12 05:33:00,2.20017,2.20018,2.20014,2.20015,205.29
2026-06-12 05:34:00,2.20015,2.20017,2.19984,2.19986,172.89
2026-06-12 05:35:00,2.19986,2.2,2.19978,2.19992,188.41
2026-06-12 05:36:00,2.19992,2.20008,2.19991,2.20007,111.1
2026-06-12 05:37:00,2.20007,2.20008,2.19987,2.19988,180.71
2026-06-12 05:38:00,2.19988,2.19996,2.19981,2.19988,287.55
2026-06-12 05:39:00,2.19988,2.19992,2.19969,2.19973,146.56
2026-06-12 05:40:00,2.19973,2.19987,2.19972,2.19985,163.08
2026-06-12 05:41:00,2.19985,2.19998,2.19976,2.19989,85.7
2026-06-12 05:42:00,2.19989,2.20001,2.19984,2.19996,243.34
2026-06-12 05:43:00,2.19996,2.20028,2.19984,2.20017,178.7
2026-06-12 05:44:00,2.20017,2.20031,2.2001,2.20025,150.16
2026-06-12 05:45:00,2.20025,2.20054,2.20013,2.20043,189.91
2026-06-12 05:46:00,2.20043,2.20084,2.20038,2.20079,155.25
2026-06-12 05:47:00,2.20079,2.2008,2.2007,2.20071,206.28
2026-06-12 05:48:00,2.20071,2.20107,2.20061,2.20098,189.43
2026-06-12 05:49:00,2.20098,2.20105,2.20068,2.20075,126.35
2026-06-12 05:50:00,2.20075,2.20081,2.20049,2.20055,184.16
2026-06-12 05:51:00,2.20055,2.20089,2.20039,2.20072,138.97
2026-06-12 05:52:00,2.20072,2.20076,2.20056,2.2006,91.58
2026-06-12 05:53:00,2.2006,2.20073,2.20055,2.20068,127.78
2026-06-12 05:54:00,2.20068,2.20073,2.20049,2.20054,123.42
2026-06-12 05:55:00,2.20054,2.20055,2.20043,2.20044,175.96
2026-06-12 05:56:00,2.20044,2.20057,2.20027,2.20039,147.26
2026-06-12 05:57:00,2.20039,2.20061,2.20038,2.2006,213.33
2026-06-12 05:58:00,2.2006,2.20077,2.20056,2.20073,104.56
2026-06-12 05:59:00,2.20073,2.20073,2.2005,2.2005,174.82
2026-06-12 06:00:00,2.2005,2.2005,2.20032,2.20032,194.46
2026-06-12 06:01:00,2.20032,2.20041,2.20019,2.20028,116.24
2026-06-12 06:02:00,2.20028,2.20049,2.20022,2.20043,194.68
2026-06-12 06:03:00,2.20043,2.20044,2.20023,2.20024,90.21
2026-06-12 06:04:00,2.20024,2.20025,2.20015,2.20017,122.37
2026-06-12 06:05:00,2.20017,2.2002,2.1998,2.19984,118.07
2026-06-12 06:06:00,2.19984,2.19998,2.19969,2.19984,120.41
2026-06-12 06:07:00,2.19984,2.20003,2.19967,2.19987,142.7
2026-06-12 06:08:00,2.19987,2.19994,2.19981,2.19988,225.9
2026-06-12 06:09:00,2.19988,2.20016,2.19978,2.20007,69.61
2026-06-12 06:10:00,2.20007,2.20019,2.19981,2.19993,144.26
2026-06-12 06:11:00,2.19993,2.2,2.19983,2.1999,132.01
2026-06-12 06:12:00,2.1999,2.19993,2.19955,2.19958,120.92
2026-06-12 06:13:00,2.19958,2.19979,2.19958,2.19978,109.25
2026-06-12 06:14:00,2.19978,2.19986,2.19952,2.1996,89.93
2026-06-12 06:15:00,2.1996,2.1998,2.19957,2.19978,173.73
2026-06-12 06:16:00,2.19978,2.19995,2.19974,2.19992,107.83
2026-06-12 06:17:00,2.19992,2.19996,2.19992,2.19996,126.31
2026-06-12 06:18:00,2.19996,2.19997,2.19966,2.19966,278.85
2026-06-12 06:19:00,2.19966,2.19968,2.19936,2.19938,87.34
2026-06-12 06:20:00,2.19938,2.19943,2.19892,2.19898,172.46
2026-06-12 06:21:00,2.19898,2.19902,2.19871,2.19876,173.06
2026-06-12 06:22:00,2.19876,2.19884,2.19862,2.1987,158.21
2026-06-12 06:23:00,2.1987,2.19878,2.19868,2.19875,82.93
2026-06-12 06:24:00,2.19875,2.19876,2.19874,2.19874,124.78
2026-06-12 06:25:00,2.19874,2.19879,2.19862,2.19866,131.06
2026-06-12 06:26:00,2.19866,2.19884,2.19863,2.19881,250.75
2026-06-12 06:27:00,2.19881,2.19884,2.19866,2.19869,59.62
2026-06-12 06:28:00,2.19869,2.19888,2.19869,2.19888,203.17
2026-06-12 06:29:00,2.19888,2.19889,2.19883,2.19885,178.23
2026-06-12 06:30:00,2.19885,2.19886,2.1986,2.19861,103.71
2026-06-12 06:31:00,2.19861,2.19862,2.19859,2.1986,92.17
2026-06-12 06:32:00,2.1986,2.19886,2.19856,2.19882,103.62
2026-06-12 06:33:00,2.19882,2.19905,2.1988,2.19902,168.47
2026-06-12 06:34:00,2.19902,2.19921,2.19895,2.19914,228.38
2026-06-12 06:35:00,2.19914,2.19939,2.19906,2.19931,118.15
2026-06-12 06:36:00,2.19931,2.19949,2.19927,2.19945,255.9
2026-06-12 06:37:00,2.19945,2.19954,2.19929,2.19939,244.88
2026-06-12 06:38:00,2.19939,2.19941,2.1993,2.19933,90.61
2026-06-12 06:39:00,2.19933,2.19936,2.19914,2.19917,175.86
2026-06-12 06:40:00,2.19917,2.19937,2.19911,2.19931,186.63
2026-06-12 06:41:00,2.19931,2.19957,2.19924,2.19951,192.36
2026-06-12 06:42:00,2.19951,2.19958,2.19946,2.19952,260.93
2026-06-12 06:43:00,2.19952,2.19953,2.19942,2.19943,154.55
2026-06-12 06:44:00,2.19943,2.19943,2.19906,2.19907,255.97
2026-06-12 06:45:00,2.19907,2.19939,2.19905,2.19937,92.17
2026-06-12 06:46:00,2.19937,2.19944,2.19931,2.19938,107.94
2026-06-12 06:47:00,2.19938,2.19942,2.19935,2.1994,249.03
2026-06-12 06:48:00,2.1994,2.19959,2.19929,2.19949,166.31
2026-06-12 06:49:00,2.19949,2.19953,2.19935,2.19939,209.08
2026-06-12 06:50:00,2.19939,2.19946,2.19938,2.19945,189.6
2026-06-12 06:51:00,2.19945,2.19949,2.19944,2.19948,191.53
2026-06-12 06:52:00,2.19948,2.19956,2.19934,2.19941,113.09
2026-06-12 06:53:00,2.19941,2.19979,2.19935,2.19973,142.93
2026-06-12 06:54:00,2.19973,2.19989,2.1997,2.19986,179.85
2026-06-12 06:55:00,2.19986,2.19989,2.19985,2.19988,202.56
2026-06-12 06:56:00,2.19988,2.1999,2.19968,2.1997,146.84
2026-06-12 06:57:00,2.1997,2.19974,2.19968,2.19973,116.35
2026-06-12 06:58:00,2.19973,2.19987,2.1997,2.19985,169.02
2026-06-12 06:59:00,2.19985,2.1999,2.19961,2.19967,125.83
2026-06-12 07:00:00,2.19967,2.19975,2.19937,2.19945,82.37
2026-06-12 07:01:00,2.19945,2.19965,2.19937,2.19957,103.94
2026-06-12 07:02:00,2.19957,2.19963,2.19936,2.19943,126.21
2026-06-12 07:03:00,2.19943,2.19963,2.19933,2.19954,187.4
2026-06-12 07:04:00,2.19954,2.19985,2.1995,2.19981,192.21
2026-06-12 07:05:00,2.19981,2.19983,2.19946,2.19947,330.22
2026-06-12 07:06:00,2.19947,2.19949,2.19925,2.19927,74.93
2026-06-12 07:07:00,2.19927,2.1995,2.19923,2.19946,193.67
2026-06-12 07:08:00,2.19946,2.19949,2.19934,2.19936,170.97
2026-06-12 07:09:00,2.19936,2.19954,2.19908,2.19925,109.0
2026-06-12 07:10:00,2.19925,2.19931,2.19918,2.19924,141.03
2026-06-12 07:11:00,2.19924,2.19974,2.19923,2.19973,167.33
2026-06-12 07:12:00,2.19973,2.20017,2.1997,2.20014,152.7
2026-06-12 07:13:00,2.20014,2.20055,2.20008,2.20049,209.27
2026-06-12 07:14:00,2.20049,2.20059,2.20046,2.20056,217.13
2026-06-12 07:15:00,2.20056,2.20059,2.20027,2.20029,147.21
2026-06-12 07:16:00,2.20029,2.20038,2.20019,2.20027,179.3
2026-06-12 07:17:00,2.20027,2.2005,2.20024,2.20046,207.2
2026-06-12 07:18:00,2.20046,2.20051,2.20023,2.20028,116.75
2026-06-12 07:19:00,2.20028,2.20051,2.20019,2.20042,173.73
2026-06-12 07:20:00,2.20042,2.20056,2.20041,2.20055,72.86
2026-06-12 07:21:00,2.20055,2.20057,2.20052,2.20054,189.6
2026-06-12 07:22:00,2.20054,2.20068,2.20053,2.20066,169.36
2026-06-12 07:23:00,2.20066,2.20091,2.20056,2.20081,127.47
2026-06-12 07:24:00,2.20081,2.20086,2.20053,2.20058,171.56
2026-06-12 07:25:00,2.20058,2.20066,2.20038,2.20046,82.62
2026-06-12 07:26:00,2.20046,2.20078,2.2004,2.20072,281.1
2026-06-12 07:27:00,2.20072,2.20074,2.20053,2.20054,119.68
2026-06-12 07:28:00,2.20054,2.20066,2.20041,2.20053,216.82
2026-06-12 07:29:00,2.20053,2.20056,2.20042,2.20046,91.62
2026-06-12 07:30:00,2.20046,2.20048,2.19998,2.2,126.49
2026-06-12 07:31:00,2.2,2.20021,2.19991,2.20011,200.73
2026-06-12 07:32:00,2.20011,2.20023,2.2001,2.20022,172.12
2026-06-12 07:33:00,2.20022,2.2004,2.20016,2.20034,119.55
2026-06-12 07:34:00,2.20034,2.20043,2.20031,2.2004,279.14
2026-06-12 07:35:00,2.2004,2.20042,2.20024,2.20026,175.05
2026-06-12 07:36:00,2.20026,2.20034,2.20008,2.20017,179.94
2026-06-12 07:37:00,2.20017,2.20023,2.19998,2.20004,149.07
2026-06-12 07:38:00,2.20004,2.20026,2.19994,2.20016,128.38
2026-06-12 07:39:00,2.20016,2.20022,2.20008,2.20014,138.06
2026-06-12 07:40:00,2.20014,2.20027,2.19967,2.1998,146.72
2026-06-12 07:41:00,2.1998,2.19998,2.19971,2.19989,193.19
2026-06-12 07:42:00,2.19989,2.20011,2.19988,2.2001,156.65
2026-06-12 07:43:00,2.2001,2.20019,2.20008,2.20017,162.71
2026-06-12 07:44:00,2.20017,2.20019,2.20017,2.20019,108.74
2026-06-12 07:45:00,2.20019,2.20028,2.20003,2.20013,120.78
2026-06-12 07:46:00,2.20013,2.20018,2.20005,2.20009,233.16
2026-06-12 07:47:00,2.20009,2.20039,2.20005,2.20034,162.95
2026-06-12 07:48:00,2.20034,2.20039,2.2003,2.20035,205.99
2026-06-12 07:49:00,2.20035,2.20038,2.19991,2.19994,188.63
2026-06-12 07:50:00,2.19994,2.20009,2.19993,2.20008,154.72
2026-06-12 07:51:00,2.20008,2.20014,2.19979,2.19985,105.29
2026-06-12 07:52:00,2.19985,2.20027,2.19965,2.20006,131.13
2026-06-12 07:53:00,2.20006,2.20009,2.20003,2.20007,278.23
2026-06-12 07:54:00,2.20007,2.20048,2.19995,2.20037,133.87
2026-06-12 07:55:00,2.20037,2.20043,2.2003,2.20036,158.35
2026-06-12 07:56:00,2.20036,2.20042,2.20008,2.20015,124.55
2026-06-12 07:57:00,2.20015,2.20037,2.20006,2.20028,170.94
2026-06-12 07:58:00,2.20028,2.20038,2.20025,2.20035,147.5
2026-06-12 07:59:00,2.20035,2.20044,2.19977,2.19986,199.21
2026-06-12 08:00:00,2.19986,2.20001,2.19979,2.19993,79.21
2026-06-12 08:01:00,2.19993,2.20021,2.19985,2.20013,218.65
2026-06-12 08:02:00,2.20013,2.20022,2.1998,2.19989,156.83
2026-06-12 08:03:00,2.19989,2.19992,2.19979,2.19982,219.41
2026-06-12 08:04:00,2.19982,2.19984,2.19977,2.19979,153.41
2026-06-12 08:05:00,2.19979,2.19982,2.19956,2.1996,99.77
2026-06-12 08:06:00,2.1996,2.19975,2.19954,2.19969,98.86
2026-06-12 08:07:00,2.19969,2.1999,2.19966,2.19987,157.16
2026-06-12 08:08:00,2.19987,2.20013,2.19975,2.20001,163.29
2026-06-12 08:09:00,2.20001,2.2001,2.19989,2.19998,360.41
2026-06-12 08:10:00,2.19998,2.20006,2.19997,2.20006,203.6
2026-06-12 08:11:00,2.20006,2.20012,2.19979,2.19985,134.14
2026-06-12 08:12:00,2.19985,2.20009,2.19984,2.20009,147.64
2026-06-12 08:13:00,2.20009,2.20017,2.20003,2.20011,231.7
2026-06-12 08:14:00,2.20011,2.20024,2.19999,2.20012,194.48
2026-06-12 08:15:00,2.20012,2.20052,2.20004,2.20044,236.16
2026-06-12 08:16:00,2.20044,2.20048,2.20025,2.20028,158.16
2026-06-12 08:17:00,2.20028,2.20034,2.20006,2.20012,139.46
2026-06-12 08:18:00,2.20012,2.20028,2.20008,2.20024,102.76
2026-06-12 08:19:00,2.20024,2.20038,2.2002,2.20034,138.78
2026-06-12 08:20:00,2.20034,2.20045,2.20031,2.20043,160.05
2026-06-12 08:21:00,2.20043,2.2005,2.20023,2.2003,140.9
2026-06-12 08:22:00,2.2003,2.20036,2.20025,2.20031,134.87
2026-06-12 08:23:00,2.20031,2.20056,2.20025,2.2005,110.81
2026-06-12 08:24:00,2.2005,2.20057,2.20037,2.20043,112.8
2026-06-12 08:25:00,2.20043,2.20056,2.20011,2.20024,192.23
2026-06-12 08:26:00,2.20024,2.20037,2.19992,2.20005,190.35
2026-06-12 08:27:00,2.20005,2.2002,2.19996,2.20011,130.64
2026-06-12 08:28:00,2.20011,2.20033,2.20007,2.20029,210.17
2026-06-12 08:29:00,2.20029,2.20041,2.19999,2.20011,177.97
2026-06-12 08:30:00,2.20011,2.20014,2.2001,2.20013,262.55
2026-06-12 08:31:00,2.20013,2.20021,2.20007,2.20015,200.39
2026-06-12 08:32:00,2.20015,2.20025,2.1999,2.2,118.22
2026-06-12 08:33:00,2.2,2.20032,2.19998,2.20031,134.86
2026-06-12 08:34:00,2.20031,2.20045,2.20028,2.20042,152.47
2026-06-12 08:35:00,2.20042,2.20048,2.2004,2.20046,159.4
2026-06-12 08:36:00,2.20046,2.20078,2.20042,2.20074,101.91
2026-06-12 08:37:00,2.20074,2.20075,2.2007,2.20071,156.02
2026-06-12 08:38:00,2.20071,2.20072,2.20068,2.20069,147.94
2026-06-12 08:39:00,2.20069,2.20084,2.20037,2.20052,95.9
2026-06-12 08:40:00,2.20052,2.2007,2.20015,2.20033,105.11
2026-06-12 08:41:00,2.20033,2.20039,2.20007,2.20013,167.19
2026-06-12 08:42:00,2.20013,2.20016,2.20009,2.20012,154.2
2026-06-12 08:43:00,2.20012,2.20019,2.19982,2.19989,157.39
2026-06-12 08:44:00,2.19989,2.20003,2.19952,2.19965,74.28
2026-06-12 08:45:00,2.19965,2.19975,2.19964,2.19973,151.99
2026-06-12 08:46:00,2.19973,2.19979,2.19957,2.19963,260.13
2026-06-12 08:47:00,2.19963,2.19981,2.19957,2.19976,146.53
2026-06-12 08:48:00,2.19976,2.19982,2.19971,2.19977,163.31
2026-06-12 08:49:00,2.19977,2.20006,2.19965,2.19994,133.69
2026-06-12 08:50:00,2.19994,2.19997,2.19982,2.19986,135.91
2026-06-12 08:51:00,2.19986,2.20006,2.19984,2.20004,159.04
2026-06-12 08:52:00,2.20004,2.20013,2.1998,2.19988,116.81
2026-06-12 08:53:00,2.19988,2.20032,2.19987,2.20031,202.61
2026-06-12 08:54:00,2.20031,2.20042,2.20016,2.20028,122.39
2026-06-12 08:55:00,2.20028,2.20033,2.2002,2.20026,108.3
2026-06-12 08:56:00,2.20026,2.20033,2.20019,2.20027,118.24
2026-06-12 08:57:00,2.20027,2.20036,2.20027,2.20036,165.07
2026-06-12 08:58:00,2.20036,2.20037,2.20006,2.20007,77.78
2026-06-12 08:59:00,2.20007,2.20032,2.20001,2.20027,130.27
2026-06-12 09:00:00,2.20027,2.20032,2.20011,2.20016,158.86
2026-06-12 09:01:00,2.20016,2.2003,2.20016,2.2003,286.83
2026-06-12 09:02:00,2.2003,2.20038,2.19994,2.20002,124.35
2026-06-12 09:03:00,2.20002,2.20008,2.19994,2.19999,137.01
2026-06-12 09:04:00,2.19999,2.20024,2.19993,2.20018,59.22
2026-06-12 09:05:00,2.20018,2.20039,2.20013,2.20033,132.45
2026-06-12 09:06:00,2.20033,2.20051,2.20009,2.20027,208.4
2026-06-12 09:07:00,2.20027,2.20038,2.20013,2.20024,140.02
2026-06-12 09:08:00,2.20024,2.20047,2.20011,2.20035,128.9
2026-06-12 09:09:00,2.20035,2.20037,2.20027,2.20029,134.19
2026-06-12 09:10:00,2.20029,2.20036,2.2001,2.20017,137.5
2026-06-12 09:11:00,2.20017,2.2006,2.20004,2.20046,120.03
2026-06-12 09:12:00,2.20046,2.20048,2.20044,2.20045,132.87
2026-06-12 09:13:00,2.20045,2.20051,2.2002,2.20025,154.94
2026-06-12 09:14:00,2.20025,2.20053,2.20018,2.20046,186.02
2026-06-12 09:15:00,2.20046,2.20051,2.20037,2.20041,74.11
2026-06-12 09:16:00,2.20041,2.20076,2.20039,2.20073,151.68
2026-06-12 09:17:00,2.20073,2.20077,2.20052,2.20056,135.85
2026-06-12 09:18:00,2.20056,2.20064,2.20021,2.20029,124.12
2026-06-12 09:19:00,2.20029,2.2006,2.20013,2.20043,154.92
2026-06-12 09:20:00,2.20043,2.20071,2.20042,2.2007,120.2
2026-06-12 09:21:00,2.2007,2.20075,2.20066,2.20072,212.27
2026-06-12 09:22:00,2.20072,2.20121,2.20059,2.20109,299.96
2026-06-12 09:23:00,2.20109,2.2011,2.201,2.20102,109.43
2026-06-12 09:24:00,2.20102,2.20108,2.20093,2.20099,155.83
2026-06-12 09:25:00,2.20099,2.20105,2.20065,2.20071,169.64
2026-06-12 09:26:00,2.20071,2.2012,2.20064,2.20113,136.08
2026-06-12 09:27:00,2.20113,2.20125,2.20108,2.2012,256.73
2026-06-12 09:28:00,2.2012,2.2012,2.20111,2.20111,191.03
2026-06-12 09:29:00,2.20111,2.20115,2.20087,2.20091,173.3
2026-06-12 09:30:00,2.20091,2.20093,2.20077,2.20079,174.96
2026-06-12 09:31:00,2.20079,2.2008,2.20056,2.20056,137.56
2026-06-12 09:32:00,2.20056,2.20058,2.20044,2.20045,62.82
2026-06-12 09:33:00,2.20045,2.20049,2.20001,2.20004,257.6
2026-06-12 09:34:00,2.20004,2.2001,2.20004,2.2001,182.58
2026-06-12 09:35:00,2.2001,2.20021,2.19966,2.19978,159.06
2026-06-12 09:36:00,2.19978,2.20007,2.19977,2.20007,74.23
2026-06-12 09:37:00,2.20007,2.20008,2.20001,2.20002,130.36
2026-06-12 09:38:00,2.20002,2.20007,2.20002,2.20006,113.59
2026-06-12 09:39:00,2.20006,2.20007,2.19995,2.19995,146.53
2026-06-12 09:40:00,2.19995,2.20016,2.19993,2.20014,138.29
2026-06-12 09:41:00,2.20014,2.20022,2.20003,2.20012,183.05
2026-06-12 09:42:00,2.20012,2.20012,2.19994,2.19994,146.85
2026-06-12 09:43:00,2.19994,2.20025,2.19985,2.20016,130.62
2026-06-12 09:44:00,2.20016,2.20022,2.20006,2.20011,275.79
2026-06-12 09:45:00,2.20011,2.20015,2.20009,2.20013,75.56
2026-06-12 09:46:00,2.20013,2.20014,2.20003,2.20004,137.79
2026-06-12 09:47:00,2.20004,2.20012,2.19982,2.19991,336.49
2026-06-12 09:48:00,2.19991,2.20007,2.19986,2.20002,106.3
2026-06-12 09:49:00,2.20002,2.20007,2.19985,2.19991,118.52
2026-06-12 09:50:00,2.19991,2.20011,2.19988,2.20008,113.53
2026-06-12 09:51:00,2.20008,2.20016,2.20001,2.20009,213.01
2026-06-12 09:52:00,2.20009,2.20021,2.19996,2.20008,95.49
2026-06-12 09:53:00,2.20008,2.20015,2.19979,2.19985,128.08
2026-06-12 09:54:00,2.19985,2.19986,2.19968,2.19968,201.83
2026-06-12 09:55:00,2.19968,2.19977,2.19946,2.19955,187.52
2026-06-12 09:56:00,2.19955,2.19963,2.19906,2.19913,90.29
2026-06-12 09:57:00,2.19913,2.19923,2.19874,2.19884,188.37
2026-06-12 09:58:00,2.19884,2.19891,2.19881,2.19889,226.15
2026-06-12 09:59:00,2.19889,2.19895,2.19882,2.19888,142.09
2026-06-12 10:00:00,2.19888,2.1989,2.19886,2.19888,138.24
2026-06-12 10:01:00,2.19888,2.19909,2.19885,2.19907,177.65
2026-06-12 10:02:00,2.19907,2.19908,2.19906,2.19907,156.72
2026-06-12 10:03:00,2.19907,2.19914,2.19905,2.19912,112.92
2026-06-12 10:04:00,2.19912,2.19918,2.19904,2.19911,56.55
2026-06-12 10:05:00,2.19911,2.19939,2.19897,2.19926,123.8
2026-06-12 10:06:00,2.19926,2.19935,2.19915,2.19923,95.4
2026-06-12 10:07:00,2.19923,2.19927,2.19918,2.19922,236.81
2026-06-12 10:08:00,2.19922,2.19947,2.19919,2.19944,196.87
2026-06-12 10:09:00,2.19944,2.19981,2.19944,2.19981,118.11
2026-06-12 10:10:00,2.19981,2.19987,2.19968,2.19974,113.34
2026-06-12 10:11:00,2.19974,2.20011,2.19964,2.20001,202.47
2026-06-12 10:12:00,2.20001,2.20024,2.19999,2.20021,113.67
2026-06-12 10:13:00,2.20021,2.20072,2.20011,2.20062,127.33
2026-06-12 10:14:00,2.20062,2.20064,2.20061,2.20063,100.17
2026-06-12 10:15:00,2.20063,2.20067,2.20043,2.20046,125.84
2026-06-12 10:16:00,2.20046,2.20051,2.20013,2.20017,159.54
2026-06-12 10:17:00,2.20017,2.2002,2.20015,2.20017,234.81
2026-06-12 10:18:00,2.20017,2.2002,2.20012,2.20015,113.26
2026-06-12 10:19:00,2.20015,2.20016,2.19991,2.19993,121.19
2026-06-12 10:20:00,2.19993,2.19994,2.19972,2.19973,210.62
2026-06-12 10:21:00,2.19973,2.19994,2.1997,2.19991,112.75
2026-06-12 10:22:00,2.19991,2.20017,2.19984,2.2001,129.26
2026-06-12 10:23:00,2.2001,2.20035,2.20007,2.20032,225.55
2026-06-12 10:24:00,2.20032,2.20037,2.19998,2.20003,57.48
2026-06-12 10:25:00,2.20003,2.20008,2.19987,2.19993,152.06
2026-06-12 10:26:00,2.19993,2.19993,2.19982,2.19983,222.67
2026-06-12 10:27:00,2.19983,2.19987,2.19968,2.19973,211.65
2026-06-12 10:28:00,2.19973,2.19985,2.19963,2.19975,145.53
2026-06-12 10:29:00,2.19975,2.19985,2.19974,2.19984,153.21
2026-06-12 10:30:00,2.19984,2.19985,2.19974,2.19974,115.54
2026-06-12 10:31:00,2.19974,2.19981,2.19965,2.19972,123.06
2026-06-12 10:32:00,2.19972,2.19995,2.1997,2.19992,107.66
2026-06-12 10:33:00,2.19992,2.20003,2.19984,2.19995,178.0
2026-06-12 10:34:00,2.19995,2.19996,2.19985,2.19986,74.29
2026-06-12 10:35:00,2.19986,2.20019,2.19976,2.2001,92.11
2026-06-12 10:36:00,2.2001,2.2001,2.19998,2.19998,122.31
2026-06-12 10:37:00,2.19998,2.2,2.19971,2.19973,122.81
2026-06-12 10:38:00,2.19973,2.20005,2.19961,2.19992,111.61
2026-06-12 10:39:00,2.19992,2.19996,2.19985,2.19988,122.93
2026-06-12 10:40:00,2.19988,2.20001,2.19984,2.19997,135.37
2026-06-12 10:41:00,2.19997,2.20001,2.1998,2.19984,176.89
2026-06-12 10:42:00,2.19984,2.19993,2.19978,2.19987,191.42
2026-06-12 10:43:00,2.19987,2.1999,2.19976,2.1998,213.8
2026-06-12 10:44:00,2.1998,2.19983,2.19978,2.19981,167.25
2026-06-12 10:45:00,2.19981,2.19983,2.19966,2.19968,87.97
2026-06-12 10:46:00,2.19968,2.1997,2.19961,2.19963,260.44
2026-06-12 10:47:00,2.19963,2.19966,2.19952,2.19956,118.21
2026-06-12 10:48:00,2.19956,2.19956,2.1994,2.19941,198.82
2026-06-12 10:49:00,2.19941,2.19975,2.19935,2.1997,129.26
2026-06-12 10:50:00,2.1997,2.19991,2.19966,2.19987,187.61
2026-06-12 10:51:00,2.19987,2.19989,2.19974,2.19976,135.64
2026-06-12 10:52:00,2.19976,2.19982,2.19973,2.1998,342.32
2026-06-12 10:53:00,2.1998,2.19987,2.19977,2.19984,235.13
2026-06-12 10:54:00,2.19984,2.20016,2.19984,2.20016,136.7
2026-06-12 10:55:00,2.20016,2.20031,2.20013,2.20029,193.98
2026-06-12 10:56:00,2.20029,2.20031,2.20019,2.20021,190.47
2026-06-12 10:57:00,2.20021,2.20027,2.2001,2.20016,124.87
2026-06-12 10:58:00,2.20016,2.20038,2.2001,2.20032,137.74
2026-06-12 10:59:00,2.20032,2.20033,2.20026,2.20027,77.7
2026-06-12 11:00:00,2.20027,2.20032,2.2001,2.20015,157.7
2026-06-12 11:01:00,2.20015,2.20017,2.20003,2.20005,169.18
2026-06-12 11:02:00,2.20005,2.20009,2.2,2.20003,142.07
2026-06-12 11:03:00,2.20003,2.20008,2.20001,2.20006,122.94
2026-06-12 11:04:00,2.20006,2.20018,2.19991,2.20003,98.93
2026-06-12 11:05:00,2.20003,2.20022,2.19996,2.20016,85.77
2026-06-12 11:06:00,2.20016,2.20017,2.20003,2.20004,124.54
2026-06-12 11:07:00,2.20004,2.20007,2.19984,2.19987,166.9
2026-06-12 11:08:00,2.19987,2.19987,2.19986,2.19986,182.28
2026-06-12 11:09:00,2.19986,2.19999,2.19961,2.19974,208.83
2026-06-12 11:10:00,2.19974,2.19977,2.19966,2.19969,146.71
2026-06-12 11:11:00,2.19969,2.19982,2.19967,2.1998,132.27
2026-06-12 11:12:00,2.1998,2.19983,2.19961,2.19964,128.74
2026-06-12 11:13:00,2.19964,2.19967,2.19961,2.19964,125.85
2026-06-12 11:14:00,2.19964,2.19983,2.19958,2.19977,146.51
2026-06-12 11:15:00,2.19977,2.19978,2.19963,2.19964,99.9
2026-06-12 11:16:00,2.19964,2.19987,2.1996,2.19982,211.83
2026-06-12 11:17:00,2.19982,2.19993,2.1998,2.1999,133.04
2026-06-12 11:18:00,2.1999,2.20013,2.19986,2.20009,232.46
2026-06-12 11:19:00,2.20009,2.2004,2.20004,2.20035,326.39
2026-06-12 11:20:00,2.20035,2.2005,2.19992,2.20007,146.23
2026-06-12 11:21:00,2.20007,2.20018,2.20001,2.20012,290.29
2026-06-12 11:22:00,2.20012,2.20026,2.19998,2.20011,306.0
2026-06-12 11:23:00,2.20011,2.20012,2.19989,2.1999,241.15
2026-06-12 11:24:00,2.1999,2.20015,2.19979,2.20004,179.6
2026-06-12 11:25:00,2.20004,2.20009,2.19999,2.20004,86.76
2026-06-12 11:26:00,2.20004,2.20014,2.19961,2.19971,163.69
2026-06-12 11:27:00,2.19971,2.19982,2.19968,2.19978,124.27
2026-06-12 11:28:00,2.19978,2.19981,2.19978,2.1998,135.63
2026-06-12 11:29:00,2.1998,2.20005,2.19972,2.19998,164.92
2026-06-12 11:30:00,2.19998,2.20006,2.19966,2.19975,187.68
2026-06-12 11:31:00,2.19975,2.19977,2.19929,2.19931,244.59
2026-06-12 11:32:00,2.19931,2.19954,2.19929,2.19952,91.71
2026-06-12 11:33:00,2.19952,2.19964,2.19946,2.19959,230.67
2026-06-12 11:34:00,2.19959,2.19961,2.19951,2.19953,143.25
2026-06-12 11:35:00,2.19953,2.19956,2.19952,2.19955,220.02
2026-06-12 11:36:00,2.19955,2.19958,2.19941,2.19943,156.4
2026-06-12 11:37:00,2.19943,2.19954,2.19938,2.19949,105.25
2026-06-12 11:38:00,2.19949,2.19979,2.19946,2.19975,162.59
2026-06-12 11:39:00,2.19975,2.19978,2.19961,2.19963,103.68
2026-06-12 11:40:00,2.19963,2.2,2.19962,2.19998,156.98
2026-06-12 11:41:00,2.19998,2.19999,2.19992,2.19994,201.2
2026-06-12 11:42:00,2.19994,2.20001,2.19971,2.19978,208.83
2026-06-12 11:43:00,2.19978,2.1998,2.19966,2.19968,127.89
2026-06-12 11:44:00,2.19968,2.19975,2.1994,2.19947,209.51
2026-06-12 11:45:00,2.19947,2.19954,2.19935,2.19941,160.44
2026-06-12 11:46:00,2.19941,2.19965,2.19931,2.19954,160.79
2026-06-12 11:47:00,2.19954,2.19965,2.19951,2.19961,229.31
2026-06-12 11:48:00,2.19961,2.19985,2.19957,2.19981,139.29
2026-06-12 11:49:00,2.19981,2.19984,2.1996,2.19962,97.44
2026-06-12 11:50:00,2.19962,2.1998,2.19955,2.19973,200.74
2026-06-12 11:51:00,2.19973,2.19989,2.19968,2.19984,106.82
2026-06-12 11:52:00,2.19984,2.19999,2.19983,2.19998,149.95
2026-06-12 11:53:00,2.19998,2.2001,2.19993,2.20004,109.3
2026-06-12 11:54:00,2.20004,2.20042,2.20004,2.20042,203.01
2026-06-12 11:55:00,2.20042,2.20047,2.2004,2.20045,117.71
2026-06-12 11:56:00,2.20045,2.20049,2.20026,2.2003,81.5
2026-06-12 11:57:00,2.2003,2.2008,2.20014,2.20065,92.27
2026-06-12 11:58:00,2.20065,2.20078,2.20061,2.20074,139.79
2026-06-12 11:59:00,2.20074,2.20082,2.20071,2.20079,70.98
2026-06-12 12:00:00,2.20079,2.20081,2.20074,2.20076,179.3
2026-06-12 12:01:00,2.20076,2.2009,2.20069,2.20083,109.94
2026-06-12 12:02:00,2.20083,2.20091,2.20031,2.20039,206.2
2026-06-12 12:03:00,2.20039,2.20045,2.19991,2.19997,192.89
2026-06-12 12:04:00,2.19997,2.19998,2.19987,2.19989,175.45
2026-06-12 12:05:00,2.19989,2.20005,2.19981,2.19997,141.88
2026-06-12 12:06:00,2.19997,2.20016,2.19997,2.20016,155.54
2026-06-12 12:07:00,2.20016,2.20026,2.19977,2.19987,133.67
2026-06-12 12:08:00,2.19987,2.19988,2.19979,2.1998,115.22
2026-06-12 12:09:00,2.1998,2.19986,2.19972,2.19979,145.77
2026-06-12 12:10:00,2.19979,2.20003,2.19978,2.20002,103.52
2026-06-12 12:11:00,2.20002,2.20004,2.19999,2.2,82.93
2026-06-12 12:12:00,2.2,2.20007,2.19987,2.19993,188.38
2026-06-12 12:13:00,2.19993,2.19995,2.19985,2.19987,146.42
2026-06-12 12:14:00,2.19987,2.20033,2.19975,2.20021,172.54
2026-06-12 12:15:00,2.20021,2.20025,2.20013,2.20018,118.41
2026-06-12 12:16:00,2.20018,2.20019,2.20004,2.20006,162.3
2026-06-12 12:17:00,2.20006,2.20014,2.1999,2.19998,99.58
2026-06-12 12:18:00,2.19998,2.2,2.19993,2.19995,143.01
2026-06-12 12:19:00,2.19995,2.20001,2.19987,2.19992,118.48
2026-06-12 12:20:00,2.19992,2.20001,2.19985,2.19994,175.09
2026-06-12 12:21:00,2.19994,2.19996,2.19962,2.19964,114.76
2026-06-12 12:22:00,2.19964,2.20007,2.1996,2.20002,140.96
2026-06-12 12:23:00,2.20002,2.20012,2.1999,2.2,171.08
2026-06-12 12:24:00,2.2,2.20019,2.19994,2.20013,110.12
2026-06-12 12:25:00,2.20013,2.20025,2.19997,2.20009,140.11
2026-06-12 12:26:00,2.20009,2.20012,2.1998,2.19983,60.82
2026-06-12 12:27:00,2.19983,2.20003,2.19978,2.19998,126.71
2026-06-12 12:28:00,2.19998,2.20044,2.19993,2.20038,113.8
2026-06-12 12:29:00,2.20038,2.20041,2.20031,2.20034,74.3
2026-06-12 12:30:00,2.20034,2.20059,2.20029,2.20055,76.32
2026-06-12 12:31:00,2.20055,2.20065,2.20052,2.20062,100.64
2026-06-12 12:32:00,2.20062,2.20069,2.20044,2.20051,161.49
2026-06-12 12:33:00,2.20051,2.20057,2.20033,2.20039,139.26
2026-06-12 12:34:00,2.20039,2.20043,2.20034,2.20037,111.7
2026-06-12 12:35:00,2.20037,2.2008,2.20031,2.20073,196.09
2026-06-12 12:36:00,2.20073,2.20087,2.20066,2.2008,196.77
2026-06-12 12:37:00,2.2008,2.20082,2.20078,2.2008,129.99
2026-06-12 12:38:00,2.2008,2.20105,2.20074,2.20099,91.11
2026-06-12 12:39:00,2.20099,2.20101,2.20077,2.20079,146.33
2026-06-12 12:40:00,2.20079,2.20106,2.20069,2.20097,126.33
2026-06-12 12:41:00,2.20097,2.20104,2.20094,2.20101,152.12
2026-06-12 12:42:00,2.20101,2.20104,2.20093,2.20096,143.3
2026-06-12 12:43:00,2.20096,2.20098,2.20093,2.20096,144.9
2026-06-12 12:44:00,2.20096,2.20099,2.20087,2.2009,127.59
2026-06-12 12:45:00,2.2009,2.20095,2.2008,2.20085,121.56
2026-06-12 12:46:00,2.20085,2.20085,2.20079,2.20079,157.35
2026-06-12 12:47:00,2.20079,2.20085,2.20045,2.20051,153.58
2026-06-12 12:48:00,2.20051,2.20086,2.20038,2.20073,165.92
2026-06-12 12:49:00,2.20073,2.20082,2.20051,2.20061,71.74
2026-06-12 12:50:00,2.20061,2.20064,2.20053,2.20056,132.27
2026-06-12 12:51:00,2.20056,2.20056,2.20026,2.20026,119.18
2026-06-12 12:52:00,2.20026,2.20028,2.20025,2.20027,203.2
2026-06-12 12:53:00,2.20027,2.20041,2.20025,2.20039,224.56
2026-06-12 12:54:00,2.20039,2.20074,2.20035,2.2007,106.34
2026-06-12 12:55:00,2.2007,2.20073,2.20057,2.2006,174.49
2026-06-12 12:56:00,2.2006,2.20063,2.20055,2.20058,198.4
2026-06-12 12:57:00,2.20058,2.20063,2.20056,2.20061,118.73
2026-06-12 12:58:00,2.20061,2.20081,2.2002,2.20039,272.94
2026-06-12 12:59:00,2.20039,2.20043,2.20015,2.20019,136.07
2026-06-12 13:00:00,2.20019,2.20019,2.20018,2.20019,162.99
2026-06-12 13:01:00,2.20019,2.20051,2.20012,2.20045,256.03
2026-06-12 13:02:00,2.20045,2.20055,2.20042,2.20053,211.57
2026-06-12 13:03:00,2.20053,2.20053,2.20025,2.20026,140.42
2026-06-12 13:04:00,2.20026,2.20031,2.20009,2.20014,221.21
2026-06-12 13:05:00,2.20014,2.20033,2.20014,2.20033,301.77
2026-06-12 13:06:00,2.20033,2.20037,2.2003,2.20033,317.71
2026-06-12 13:07:00,2.20033,2.20044,2.20026,2.20037,147.96
2026-06-12 13:08:00,2.20037,2.20045,2.20023,2.20031,140.76
2026-06-12 13:09:00,2.20031,2.20042,2.20002,2.20014,100.62
2026-06-12 13:10:00,2.20014,2.20019,2.19974,2.1998,164.78
2026-06-12 13:11:00,2.1998,2.19983,2.19966,2.1997,87.43
2026-06-12 13:12:00,2.1997,2.19994,2.19967,2.19991,206.78
2026-06-12 13:13:00,2.19991,2.20015,2.19987,2.20011,102.71
2026-06-12 13:14:00,2.20011,2.20039,2.20008,2.20037,223.94
2026-06-12 13:15:00,2.20037,2.2004,2.20014,2.20017,189.0
2026-06-12 13:16:00,2.20017,2.20076,2.20006,2.20064,139.21
2026-06-12 13:17:00,2.20064,2.20066,2.20034,2.20037,84.24
2026-06-12 13:18:00,2.20037,2.20044,2.20014,2.20021,218.0
2026-06-12 13:19:00,2.20021,2.20032,2.20015,2.20027,176.74
2026-06-12 13:20:00,2.20027,2.20031,2.19995,2.19999,185.35
2026-06-12 13:21:00,2.19999,2.2,2.19998,2.2,128.01
2026-06-12 13:22:00,2.2,2.20024,2.19993,2.20018,109.97
2026-06-12 13:23:00,2.20018,2.20022,2.20005,2.20009,133.94
2026-06-12 13:24:00,2.20009,2.20023,2.20007,2.2002,148.77
2026-06-12 13:25:00,2.2002,2.2003,2.20004,2.20014,154.62
2026-06-12 13:26:00,2.20014,2.20038,2.20012,2.20036,237.64
2026-06-12 13:27:00,2.20036,2.2006,2.20034,2.20058,110.08
2026-06-12 13:28:00,2.20058,2.20058,2.20044,2.20045,100.15
2026-06-12 13:29:00,2.20045,2.20069,2.20043,2.20068,218.5
2026-06-12 13:30:00,2.20068,2.20074,2.2005,2.20057,123.6
2026-06-12 13:31:00,2.20057,2.2006,2.20049,2.20051,232.57
2026-06-12 13:32:00,2.20051,2.20053,2.20049,2.2005,76.96
2026-06-12 13:33:00,2.2005,2.20052,2.20028,2.2003,69.67
2026-06-12 13:34:00,2.2003,2.20031,2.2002,2.20021,112.55
2026-06-12 13:35:00,2.20021,2.20024,2.19993,2.19995,177.39
2026-06-12 13:36:00,2.19995,2.20001,2.19963,2.19969,119.8
2026-06-12 13:37:00,2.19969,2.19989,2.19967,2.19987,221.27
2026-06-12 13:38:00,2.19987,2.19988,2.19976,2.19978,129.42
2026-06-12 13:39:00,2.19978,2.19983,2.19961,2.19966,125.29
2026-06-12 13:40:00,2.19966,2.19973,2.19955,2.19963,118.67
2026-06-12 13:41:00,2.19963,2.19999,2.19956,2.19993,107.01
2026-06-12 13:42:00,2.19993,2.19995,2.19992,2.19995,74.61
2026-06-12 13:43:00,2.19995,2.19999,2.19981,2.19986,143.71
2026-06-12 13:44:00,2.19986,2.19992,2.19974,2.1998,71.48
2026-06-12 13:45:00,2.1998,2.20018,2.19974,2.20012,95.94
2026-06-12 13:46:00,2.20012,2.20022,2.19992,2.20002,64.18
2026-06-12 13:47:00,2.20002,2.20005,2.19988,2.1999,225.13
2026-06-12 13:48:00,2.1999,2.19998,2.19989,2.19997,112.53
2026-06-12 13:49:00,2.19997,2.20048,2.19995,2.20046,250.64
2026-06-12 13:50:00,2.20046,2.2005,2.20045,2.20049,133.82
2026-06-12 13:51:00,2.20049,2.20055,2.20014,2.2002,382.69
2026-06-12 13:52:00,2.2002,2.20025,2.19995,2.2,102.44
2026-06-12 13:53:00,2.2,2.2001,2.19988,2.19998,232.89
2026-06-12 13:54:00,2.19998,2.20042,2.19982,2.20026,121.46
2026-06-12 13:55:00,2.20026,2.20031,2.20006,2.20011,124.16
2026-06-12 13:56:00,2.20011,2.20013,2.19999,2.20001,177.59
2026-06-12 13:57:00,2.20001,2.20002,2.19965,2.19965,115.52
2026-06-12 13:58:00,2.19965,2.19986,2.19961,2.19982,148.03
2026-06-12 13:59:00,2.19982,2.19987,2.1997,2.19975,128.25
2026-06-12 14:00:00,2.19975,2.19983,2.19948,2.19956,291.99
2026-06-12 14:01:00,2.19956,2.19961,2.19902,2.19906,186.95
2026-06-12 14:02:00,2.19906,2.1991,2.19891,2.19895,148.81
2026-06-12 14:03:00,2.19895,2.19898,2.19877,2.1988,129.96
2026-06-12 14:04:00,2.1988,2.19891,2.19852,2.19862,227.15
2026-06-12 14:05:00,2.19862,2.19887,2.1986,2.19885,117.64
2026-06-12 14:06:00,2.19885,2.19894,2.19879,2.19887,247.5
2026-06-12 14:07:00,2.19887,2.1989,2.19871,2.19873,159.36
2026-06-12 14:08:00,2.19873,2.19881,2.19869,2.19877,147.96
2026-06-12 14:09:00,2.19877,2.19903,2.19869,2.19895,68.31
2026-06-12 14:10:00,2.19895,2.19911,2.19891,2.19907,119.91
2026-06-12 14:11:00,2.19907,2.19908,2.19907,2.19907,57.6
2026-06-12 14:12:00,2.19907,2.19914,2.19893,2.19899,340.85
2026-06-12 14:13:00,2.19899,2.19902,2.19882,2.19885,139.0
2026-06-12 14:14:00,2.19885,2.19887,2.19876,2.19878,136.7
2026-06-12 14:15:00,2.19878,2.19915,2.19852,2.19889,141.45
2026-06-12 14:16:00,2.19889,2.19892,2.1988,2.19882,87.43
2026-06-12 14:17:00,2.19882,2.19891,2.19878,2.19886,140.62
2026-06-12 14:18:00,2.19886,2.19887,2.19877,2.19878,111.8
2026-06-12 14:19:00,2.19878,2.19884,2.19863,2.1987,230.07
2026-06-12 14:20:00,2.1987,2.19874,2.19864,2.19868,74.37
2026-06-12 14:21:00,2.19868,2.19915,2.19862,2.19909,116.71
2026-06-12 14:22:00,2.19909,2.1991,2.19872,2.19873,331.37
2026-06-12 14:23:00,2.19873,2.19916,2.19867,2.19911,155.29
2026-06-12 14:24:00,2.19911,2.19912,2.19908,2.19909,210.73
2026-06-12 14:25:00,2.19909,2.19918,2.19904,2.19914,126.15
2026-06-12 14:26:00,2.19914,2.1994,2.19909,2.19936,93.99
2026-06-12 14:27:00,2.19936,2.19941,2.1993,2.19935,112.76
2026-06-12 14:28:00,2.19935,2.19939,2.19915,2.19919,181.18
2026-06-12 14:29:00,2.19919,2.1992,2.1991,2.19911,161.9
2026-06-12 14:30:00,2.19911,2.1993,2.19902,2.19921,153.5
2026-06-12 14:31:00,2.19921,2.19933,2.1992,2.19932,151.87
2026-06-12 14:32:00,2.19932,2.19977,2.19932,2.19977,178.52
2026-06-12 14:33:00,2.19977,2.19981,2.19968,2.19972,145.73
2026-06-12 14:34:00,2.19972,2.19977,2.19967,2.19972,117.86
2026-06-12 14:35:00,2.19972,2.19991,2.19965,2.19984,208.65
2026-06-12 14:36:00,2.19984,2.20005,2.19982,2.20003,173.31
2026-06-12 14:37:00,2.20003,2.20006,2.19978,2.19981,141.04
2026-06-12 14:38:00,2.19981,2.19992,2.19968,2.19979,75.98
2026-06-12 14:39:00,2.19979,2.19989,2.1994,2.19949,137.13
2026-06-12 14:40:00,2.19949,2.19989,2.19936,2.19976,230.16
2026-06-12 14:41:00,2.19976,2.19982,2.19967,2.19974,183.8
2026-06-12 14:42:00,2.19974,2.19984,2.19952,2.19962,80.82
2026-06-12 14:43:00,2.19962,2.19972,2.19914,2.19924,159.31
2026-06-12 14:44:00,2.19924,2.1994,2.19917,2.19932,97.84
2026-06-12 14:45:00,2.19932,2.1994,2.19931,2.19939,128.27
2026-06-12 14:46:00,2.19939,2.19944,2.19932,2.19937,140.64
2026-06-12 14:47:00,2.19937,2.19943,2.19917,2.19923,186.27
2026-06-12 14:48:00,2.19923,2.19936,2.19914,2.19927,179.87
2026-06-12 14:49:00,2.19927,2.19931,2.19906,2.19909,150.2
2026-06-12 14:50:00,2.19909,2.19961,2.19897,2.19948,59.49
2026-06-12 14:51:00,2.19948,2.19962,2.19946,2.1996,148.71
2026-06-12 14:52:00,2.1996,2.19987,2.19946,2.19974,141.02
2026-06-12 14:53:00,2.19974,2.19976,2.19968,2.19971,124.53
2026-06-12 14:54:00,2.19971,2.19979,2.19967,2.19975,135.09
2026-06-12 14:55:00,2.19975,2.20003,2.1997,2.19999,223.36
2026-06-12 14:56:00,2.19999,2.20001,2.19984,2.19985,266.24
2026-06-12 14:57:00,2.19985,2.20005,2.19983,2.20003,138.36
2026-06-12 14:58:00,2.20003,2.20008,2.19972,2.19977,119.62
2026-06-12 14:59:00,2.19977,2.19985,2.19959,2.19967,118.98
2026-06-12 15:00:00,2.19967,2.19976,2.19967,2.19976,184.78
2026-06-12 15:01:00,2.19976,2.19977,2.19969,2.19971,76.35
2026-06-12 15:02:00,2.19971,2.19974,2.19958,2.19962,112.46
2026-06-12 15:03:00,2.19962,2.20006,2.19956,2.20001,56.66
2026-06-12 15:04:00,2.20001,2.20009,2.1999,2.19999,409.39
2026-06-12 15:05:00,2.19999,2.20016,2.19994,2.20011,102.77
2026-06-12 15:06:00,2.20011,2.20013,2.19975,2.19977,313.04
2026-06-12 15:07:00,2.19977,2.19993,2.19976,2.19992,176.06
2026-06-12 15:08:00,2.19992,2.20009,2.19979,2.19996,159.61
2026-06-12 15:09:00,2.19996,2.20008,2.19942,2.19954,246.91
2026-06-12 15:10:00,2.19954,2.19955,2.1994,2.19941,73.57
2026-06-12 15:11:00,2.19941,2.19942,2.19905,2.19906,58.53
2026-06-12 15:12:00,2.19906,2.1992,2.19894,2.19908,82.13
2026-06-12 15:13:00,2.19908,2.19909,2.19907,2.19907,115.02
2026-06-12 15:14:00,2.19907,2.19964,2.199,2.19957,190.62
2026-06-12 15:15:00,2.19957,2.19972,2.19952,2.19967,117.79
2026-06-12 15:16:00,2.19967,2.19984,2.19965,2.19981,295.56
2026-06-12 15:17:00,2.19981,2.20031,2.19975,2.20025,126.3
2026-06-12 15:18:00,2.20025,2.20045,2.20022,2.20042,237.63
2026-06-12 15:19:00,2.20042,2.20045,2.20033,2.20036,140.05
2026-06-12 15:20:00,2.20036,2.20046,2.20034,2.20043,103.53
2026-06-12 15:21:00,2.20043,2.20046,2.20033,2.20035,260.53
2026-06-12 15:22:00,2.20035,2.20043,2.20025,2.20032,211.54
2026-06-12 15:23:00,2.20032,2.20062,2.20027,2.20058,149.06
2026-06-12 15:24:00,2.20058,2.20061,2.20044,2.20047,101.78
2026-06-12 15:25:00,2.20047,2.20058,2.20045,2.20056,222.26
2026-06-12 15:26:00,2.20056,2.20057,2.2003,2.20032,166.7
2026-06-12 15:27:00,2.20032,2.20034,2.20029,2.20031,141.25
2026-06-12 15:28:00,2.20031,2.20057,2.2003,2.20056,106.51
2026-06-12 15:29:00,2.20056,2.20078,2.20052,2.20074,218.62
2026-06-12 15:30:00,2.20074,2.20087,2.20073,2.20086,166.69
2026-06-12 15:31:00,2.20086,2.20091,2.20085,2.2009,80.85
2026-06-12 15:32:00,2.2009,2.20105,2.20089,2.20104,153.82
2026-06-12 15:33:00,2.20104,2.20116,2.20103,2.20115,227.49
2026-06-12 15:34:00,2.20115,2.20133,2.20114,2.20132,237.28
2026-06-12 15:35:00,2.20132,2.20134,2.20115,2.20117,159.17
2026-06-12 15:36:00,2.20117,2.2012,2.20084,2.20086,179.0
2026-06-12 15:37:00,2.20086,2.20092,2.20062,2.20068,141.05
2026-06-12 15:38:00,2.20068,2.20073,2.20052,2.20057,143.36
2026-06-12 15:39:00,2.20057,2.20067,2.20041,2.20051,114.13
2026-06-12 15:40:00,2.20051,2.20062,2.20026,2.20037,167.25
2026-06-12 15:41:00,2.20037,2.20043,2.20034,2.2004,164.55
2026-06-12 15:42:00,2.2004,2.20064,2.20038,2.20062,132.45
2026-06-12 15:43:00,2.20062,2.20065,2.20051,2.20054,119.29
2026-06-12 15:44:00,2.20054,2.20071,2.20049,2.20067,92.29
2026-06-12 15:45:00,2.20067,2.20077,2.20051,2.20061,126.32
2026-06-12 15:46:00,2.20061,2.20061,2.20058,2.20059,94.64
2026-06-12 15:47:00,2.20059,2.20076,2.20056,2.20074,158.57
2026-06-12 15:48:00,2.20074,2.20083,2.2007,2.20079,115.99
2026-06-12 15:49:00,2.20079,2.2008,2.20062,2.20064,156.16
2026-06-12 15:50:00,2.20064,2.20068,2.20038,2.20041,215.13
2026-06-12 15:51:00,2.20041,2.20067,2.20037,2.20062,201.12
2026-06-12 15:52:00,2.20062,2.20063,2.2006,2.2006,114.95
2026-06-12 15:53:00,2.2006,2.20061,2.20018,2.2002,125.22
2026-06-12 15:54:00,2.2002,2.20027,2.20015,2.20023,135.2
2026-06-12 15:55:00,2.20023,2.20042,2.20017,2.20036,82.71
2026-06-12 15:56:00,2.20036,2.20059,2.20024,2.20048,299.24
2026-06-12 15:57:00,2.20048,2.2005,2.20031,2.20033,101.84
2026-06-12 15:58:00,2.20033,2.20056,2.2003,2.20053,126.85
2026-06-12 15:59:00,2.20053,2.20068,2.20045,2.20059,171.71
2026-06-12 16:00:00,2.20059,2.20063,2.20059,2.20062,134.13
2026-06-12 16:01:00,2.20062,2.20071,2.20042,2.2005,234.73
2026-06-12 16:02:00,2.2005,2.20058,2.20017,2.20025,88.15
2026-06-12 16:03:00,2.20025,2.20041,2.20015,2.20031,148.91
2026-06-12 16:04:00,2.20031,2.20055,2.20027,2.20051,246.94
2026-06-12 16:05:00,2.20051,2.20055,2.20048,2.20052,166.8
2026-06-12 16:06:00,2.20052,2.20066,2.20033,2.20047,197.95
2026-06-12 16:07:00,2.20047,2.20052,2.2004,2.20044,128.72
2026-06-12 16:08:00,2.20044,2.20049,2.20044,2.20048,125.17
2026-06-12 16:09:00,2.20048,2.20064,2.20042,2.20058,109.95
2026-06-12 16:10:00,2.20058,2.20073,2.20052,2.20068,138.75
2026-06-12 16:11:00,2.20068,2.20075,2.20064,2.20071,155.63
2026-06-12 16:12:00,2.20071,2.20112,2.20062,2.20102,175.44
2026-06-12 16:13:00,2.20102,2.20138,2.20098,2.20134,153.39
2026-06-12 16:14:00,2.20134,2.20139,2.20123,2.20128,441.32
2026-06-12 16:15:00,2.20128,2.20131,2.20091,2.20094,184.85
2026-06-12 16:16:00,2.20094,2.20102,2.2009,2.20098,78.54
2026-06-12 16:17:00,2.20098,2.20103,2.20076,2.20081,175.74
2026-06-12 16:18:00,2.20081,2.20088,2.2007,2.20077,125.6
2026-06-12 16:19:00,2.20077,2.20083,2.20069,2.20074,184.92
2026-06-12 16:20:00,2.20074,2.20081,2.20065,2.20072,124.44
2026-06-12 16:21:00,2.20072,2.20077,2.20051,2.20056,67.75
2026-06-12 16:22:00,2.20056,2.2007,2.20053,2.20068,169.09
2026-06-12 16:23:00,2.20068,2.20071,2.20064,2.20067,179.07
2026-06-12 16:24:00,2.20067,2.20078,2.20067,2.20078,113.41
2026-06-12 16:25:00,2.20078,2.20108,2.20067,2.20097,108.29
2026-06-12 16:26:00,2.20097,2.20108,2.20096,2.20106,134.04
2026-06-12 16:27:00,2.20106,2.20121,2.20087,2.20102,149.93
2026-06-12 16:28:00,2.20102,2.20108,2.20079,2.20085,221.6
2026-06-12 16:29:00,2.20085,2.20087,2.20072,2.20074,153.81
2026-06-12 16:30:00,2.20074,2.20074,2.20054,2.20055,127.71
2026-06-12 16:31:00,2.20055,2.2006,2.20052,2.20057,127.21
2026-06-12 16:32:00,2.20057,2.20066,2.20051,2.2006,212.28
2026-06-12 16:33:00,2.2006,2.20068,2.20057,2.20064,135.16
2026-06-12 16:34:00,2.20064,2.20066,2.20058,2.2006,139.33
2026-06-12 16:35:00,2.2006,2.20062,2.2004,2.20042,99.96
2026-06-12 16:36:00,2.20042,2.20045,2.20014,2.20017,128.14
2026-06-12 16:37:00,2.20017,2.20027,2.20003,2.20013,199.02
2026-06-12 16:38:00,2.20013,2.20016,2.20004,2.20006,198.54
2026-06-12 16:39:00,2.20006,2.20017,2.20004,2.20016,234.01
2026-06-12 16:40:00,2.20016,2.20021,2.2,2.20006,125.04
2026-06-12 16:41:00,2.20006,2.20008,2.1999,2.19992,92.78
2026-06-12 16:42:00,2.19992,2.19997,2.19956,2.19961,169.92
2026-06-12 16:43:00,2.19961,2.19963,2.19934,2.19937,152.87
2026-06-12 16:44:00,2.19937,2.19938,2.19924,2.19925,95.38
2026-06-12 16:45:00,2.19925,2.19929,2.19913,2.19918,114.05
2026-06-12 16:46:00,2.19918,2.19934,2.19896,2.19912,62.21
2026-06-12 16:47:00,2.19912,2.19927,2.19905,2.19919,120.04
2026-06-12 16:48:00,2.19919,2.1992,2.19902,2.19902,136.3
2026-06-12 16:49:00,2.19902,2.19918,2.19899,2.19915,172.58
2026-06-12 16:50:00,2.19915,2.1993,2.19905,2.1992,120.49
2026-06-12 16:51:00,2.1992,2.19934,2.19911,2.19925,127.73
2026-06-12 16:52:00,2.19925,2.19932,2.19925,2.19932,103.36
2026-06-12 16:53:00,2.19932,2.19944,2.19927,2.1994,138.08
2026-06-12 16:54:00,2.1994,2.19951,2.19936,2.19947,148.79
2026-06-12 16:55:00,2.19947,2.1996,2.19937,2.1995,164.08
2026-06-12 16:56:00,2.1995,2.19957,2.19948,2.19954,137.49
2026-06-12 16:57:00,2.19954,2.19955,2.19922,2.19922,158.7
2026-06-12 16:58:00,2.19922,2.1993,2.19919,2.19927,325.68
2026-06-12 16:59:00,2.19927,2.19937,2.19881,2.19891,153.49
2026-06-12 17:00:00,2.19891,2.19897,2.19876,2.19882,153.17
2026-06-12 17:01:00,2.19882,2.19907,2.1988,2.19905,206.46
2026-06-12 17:02:00,2.19905,2.19906,2.199,2.199,149.89
2026-06-12 17:03:00,2.199,2.19903,2.19894,2.19897,118.03
2026-06-12 17:04:00,2.19897,2.19906,2.19888,2.19897,208.11
2026-06-12 17:05:00,2.19897,2.19905,2.19894,2.19902,92.96
2026-06-12 17:06:00,2.19902,2.19905,2.19885,2.19888,173.89
2026-06-12 17:07:00,2.19888,2.19898,2.19886,2.19896,175.37
2026-06-12 17:08:00,2.19896,2.19912,2.19895,2.1991,208.85
2026-06-12 17:09:00,2.1991,2.19913,2.199,2.19902,149.92
2026-06-12 17:10:00,2.19902,2.19929,2.19895,2.19922,101.22
2026-06-12 17:11:00,2.19922,2.19962,2.19915,2.19955,127.01
2026-06-12 17:12:00,2.19955,2.19964,2.19954,2.19963,227.46
2026-06-12 17:13:00,2.19963,2.20024,2.1995,2.20011,88.35
2026-06-12 17:14:00,2.20011,2.20012,2.20006,2.20007,143.23
2026-06-12 17:15:00,2.20007,2.20012,2.20003,2.20007,184.99
2026-06-12 17:16:00,2.20007,2.20013,2.19967,2.19972,94.6
2026-06-12 17:17:00,2.19972,2.2,2.19962,2.1999,118.45
2026-06-12 17:18:00,2.1999,2.19996,2.1999,2.19996,144.57
2026-06-12 17:19:00,2.19996,2.2,2.19989,2.19993,197.28
2026-06-12 17:20:00,2.19993,2.20028,2.19986,2.2002,157.43
2026-06-12 17:21:00,2.2002,2.20026,2.20011,2.20016,110.43
2026-06-12 17:22:00,2.20016,2.20039,2.20011,2.20034,134.98
2026-06-12 17:23:00,2.20034,2.20046,2.20028,2.2004,136.66
2026-06-12 17:24:00,2.2004,2.20058,2.20035,2.20053,162.95
2026-06-12 17:25:00,2.20053,2.20068,2.20049,2.20064,170.06
2026-06-12 17:26:00,2.20064,2.20094,2.20058,2.20089,258.54
2026-06-12 17:27:00,2.20089,2.20098,2.20063,2.20072,144.55
2026-06-12 17:28:00,2.20072,2.20074,2.20062,2.20064,122.93
2026-06-12 17:29:00,2.20064,2.20075,2.20057,2.20068,150.14
2026-06-12 17:30:00,2.20068,2.20071,2.20052,2.20055,294.4
2026-06-12 17:31:00,2.20055,2.20063,2.20049,2.20058,122.66
2026-06-12 17:32:00,2.20058,2.20062,2.20025,2.2003,186.98
2026-06-12 17:33:00,2.2003,2.20038,2.20028,2.20037,235.48
2026-06-12 17:34:00,2.20037,2.2007,2.20018,2.20051,133.03
2026-06-12 17:35:00,2.20051,2.20051,2.20027,2.20027,226.0
2026-06-12 17:36:00,2.20027,2.20027,2.2002,2.20021,99.24
2026-06-12 17:37:00,2.20021,2.20028,2.20019,2.20026,131.59
2026-06-12 17:38:00,2.20026,2.20033,2.20017,2.20024,244.16
2026-06-12 17:39:00,2.20024,2.20038,2.20012,2.20025,158.65
2026-06-12 17:40:00,2.20025,2.20027,2.19989,2.19991,185.79
2026-06-12 17:41:00,2.19991,2.19999,2.19982,2.19989,156.19
2026-06-12 17:42:00,2.19989,2.20002,2.19983,2.19996,205.69
2026-06-12 17:43:00,2.19996,2.20026,2.19995,2.20026,104.99
2026-06-12 17:44:00,2.20026,2.20029,2.2002,2.20023,129.15
2026-06-12 17:45:00,2.20023,2.20031,2.19983,2.19991,242.96
2026-06-12 17:46:00,2.19991,2.19994,2.19986,2.19988,138.01
2026-06-12 17:47:00,2.19988,2.19999,2.19987,2.19997,135.19
2026-06-12 17:48:00,2.19997,2.2002,2.19993,2.20016,108.73
2026-06-12 17:49:00,2.20016,2.20025,2.19988,2.19998,128.92
2026-06-12 17:50:00,2.19998,2.20016,2.19994,2.20013,172.32
2026-06-12 17:51:00,2.20013,2.20033,2.2,2.2002,100.51
2026-06-12 17:52:00,2.2002,2.20023,2.20017,2.2002,155.51
2026-06-12 17:53:00,2.2002,2.20024,2.20015,2.20019,125.02
2026-06-12 17:54:00,2.20019,2.20022,2.19988,2.19991,169.03
2026-06-12 17:55:00,2.19991,2.20004,2.19985,2.19998,361.2
2026-06-12 17:56:00,2.19998,2.20001,2.19971,2.19974,127.34
2026-06-12 17:57:00,2.19974,2.2002,2.19969,2.20015,184.44
2026-06-12 17:58:00,2.20015,2.20034,2.20001,2.2002,130.35
2026-06-12 17:59:00,2.2002,2.20048,2.20015,2.20043,140.48
2026-06-12 18:00:00,2.20043,2.20058,2.19995,2.2001,101.41
2026-06-12 18:01:00,2.2001,2.20042,2.20005,2.20036,305.03
2026-06-12 18:02:00,2.20036,2.20045,2.20029,2.20038,200.23
2026-06-12 18:03:00,2.20038,2.20039,2.20032,2.20032,191.02
2026-06-12 18:04:00,2.20032,2.20037,2.20013,2.20018,151.18
2026-06-12 18:05:00,2.20018,2.20035,2.2001,2.20028,113.94
2026-06-12 18:06:00,2.20028,2.20031,2.20014,2.20017,230.76
2026-06-12 18:07:00,2.20017,2.20034,2.20014,2.20031,169.47
2026-06-12 18:08:00,2.20031,2.20048,2.20017,2.20034,264.98
2026-06-12 18:09:00,2.20034,2.20041,2.19998,2.20004,112.17
2026-06-12 18:10:00,2.20004,2.20016,2.2,2.20012,144.72
2026-06-12 18:11:00,2.20012,2.20012,2.2,2.20001,152.92
2026-06-12 18:12:00,2.20001,2.20011,2.19996,2.20006,106.25
2026-06-12 18:13:00,2.20006,2.20015,2.20005,2.20014,104.84
2026-06-12 18:14:00,2.20014,2.20018,2.19987,2.19991,149.84
2026-06-12 18:15:00,2.19991,2.19995,2.19972,2.19976,140.85
2026-06-12 18:16:00,2.19976,2.1999,2.19961,2.19975,127.47
2026-06-12 18:17:00,2.19975,2.19984,2.19969,2.19977,246.74
2026-06-12 18:18:00,2.19977,2.20006,2.19973,2.20001,131.59
2026-06-12 18:19:00,2.20001,2.20006,2.19998,2.20003,209.29
2026-06-12 18:20:00,2.20003,2.20006,2.19989,2.19992,99.14
2026-06-12 18:21:00,2.19992,2.19996,2.19956,2.1996,169.07
2026-06-12 18:22:00,2.1996,2.19961,2.19955,2.19956,76.04
2026-06-12 18:23:00,2.19956,2.1998,2.19956,2.19979,170.9
2026-06-12 18:24:00,2.19979,2.19993,2.19931,2.19945,195.7
2026-06-12 18:25:00,2.19945,2.19954,2.19917,2.19926,184.57
2026-06-12 18:26:00,2.19926,2.19931,2.19904,2.19909,116.39
2026-06-12 18:27:00,2.19909,2.19912,2.19887,2.1989,176.01
2026-06-12 18:28:00,2.1989,2.19895,2.19887,2.19892,190.04
2026-06-12 18:29:00,2.19892,2.19918,2.19891,2.19918,155.3
2026-06-12 18:30:00,2.19918,2.19922,2.19908,2.19912,231.03
2026-06-12 18:31:00,2.19912,2.19939,2.19907,2.19934,98.48
2026-06-12 18:32:00,2.19934,2.19956,2.19933,2.19955,180.11
2026-06-12 18:33:00,2.19955,2.19979,2.19941,2.19965,148.17
2026-06-12 18:34:00,2.19965,2.19968,2.1994,2.19942,231.81
2026-06-12 18:35:00,2.19942,2.19947,2.19935,2.1994,108.96
2026-06-12 18:36:00,2.1994,2.19955,2.19933,2.19948,146.6
2026-06-12 18:37:00,2.19948,2.19969,2.19947,2.19968,190.7
2026-06-12 18:38:00,2.19968,2.19977,2.19964,2.19973,190.64
2026-06-12 18:39:00,2.19973,2.19983,2.19959,2.19969,119.56
2026-06-12 18:40:00,2.19969,2.19987,2.19966,2.19984,102.21
2026-06-12 18:41:00,2.19984,2.20015,2.1998,2.2001,184.18
2026-06-12 18:42:00,2.2001,2.20016,2.19999,2.20004,269.87
2026-06-12 18:43:00,2.20004,2.20017,2.19979,2.19991,119.8
2026-06-12 18:44:00,2.19991,2.19998,2.1999,2.19997,109.92
2026-06-12 18:45:00,2.19997,2.2001,2.19995,2.20008,175.9
2026-06-12 18:46:00,2.20008,2.20028,2.20005,2.20025,154.15
2026-06-12 18:47:00,2.20025,2.20034,2.2,2.20008,193.37
2026-06-12 18:48:00,2.20008,2.20022,2.20008,2.20022,135.0
2026-06-12 18:49:00,2.20022,2.20024,2.20017,2.2002,139.89
2026-06-12 18:50:00,2.2002,2.20024,2.20014,2.20018,95.9
2026-06-12 18:51:00,2.20018,2.20041,2.20017,2.20039,99.46
2026-06-12 18:52:00,2.20039,2.20049,2.20037,2.20047,218.32
2026-06-12 18:53:00,2.20047,2.20048,2.20008,2.2001,324.73
2026-06-12 18:54:00,2.2001,2.20036,2.20007,2.20033,128.23
2026-06-12 18:55:00,2.20033,2.20042,2.20024,2.20033,169.51
2026-06-12 18:56:00,2.20033,2.20033,2.20002,2.20002,172.73
2026-06-12 18:57:00,2.20002,2.20006,2.2,2.20004,204.59
2026-06-12 18:58:00,2.20004,2.2002,2.20004,2.2002,137.85
2026-06-12 18:59:00,2.2002,2.20024,2.20017,2.20021,125.44
2026-06-12 19:00:00,2.20021,2.20031,2.20011,2.20021,215.76
2026-06-12 19:01:00,2.20021,2.20038,2.20016,2.20033,148.87
2026-06-12 19:02:00,2.20033,2.20034,2.20015,2.20015,263.87
2026-06-12 19:03:00,2.20015,2.20017,2.19992,2.19995,206.25
2026-06-12 19:04:00,2.19995,2.20001,2.19982,2.19988,154.75
2026-06-12 19:05:00,2.19988,2.19992,2.19963,2.19966,204.83
2026-06-12 19:06:00,2.19966,2.19985,2.19958,2.19977,77.62
2026-06-12 19:07:00,2.19977,2.19985,2.19975,2.19983,151.74
2026-06-12 19:08:00,2.19983,2.19991,2.19946,2.19954,175.32
2026-06-12 19:09:00,2.19954,2.19959,2.19953,2.19958,203.24
2026-06-12 19:10:00,2.19958,2.19959,2.19931,2.19932,200.96
2026-06-12 19:11:00,2.19932,2.19967,2.19929,2.19964,187.82
2026-06-12 19:12:00,2.19964,2.19964,2.1993,2.1993,206.96
2026-06-12 19:13:00,2.1993,2.19933,2.1992,2.19922,145.01
2026-06-12 19:14:00,2.19922,2.19933,2.19918,2.19929,111.21
2026-06-12 19:15:00,2.19929,2.19961,2.19929,2.19961,144.42
2026-06-12 19:16:00,2.19961,2.19963,2.1993,2.19932,129.6
2026-06-12 19:17:00,2.19932,2.19947,2.19931,2.19946,138.12
2026-06-12 19:18:00,2.19946,2.19949,2.19946,2.19948,102.93
2026-06-12 19:19:00,2.19948,2.19997,2.19942,2.19991,241.83
2026-06-12 19:20:00,2.19991,2.19995,2.19981,2.19986,162.62
2026-06-12 19:21:00,2.19986,2.19992,2.1997,2.19977,221.16
2026-06-12 19:22:00,2.19977,2.19979,2.19956,2.19958,64.65
2026-06-12 19:23:00,2.19958,2.19973,2.19956,2.1997,142.31
2026-06-12 19:24:00,2.1997,2.1998,2.19962,2.19972,102.5
2026-06-12 19:25:00,2.19972,2.20003,2.19962,2.19993,146.96
2026-06-12 19:26:00,2.19993,2.20037,2.19985,2.20029,160.9
2026-06-12 19:27:00,2.20029,2.2004,2.2002,2.20032,175.49
2026-06-12 19:28:00,2.20032,2.20046,2.20026,2.2004,99.35
2026-06-12 19:29:00,2.2004,2.20048,2.2002,2.20027,194.48
2026-06-12 19:30:00,2.20027,2.20038,2.20022,2.20033,223.95
2026-06-12 19:31:00,2.20033,2.20057,2.20028,2.20052,103.35
2026-06-12 19:32:00,2.20052,2.20062,2.20044,2.20053,242.78
2026-06-12 19:33:00,2.20053,2.2007,2.20048,2.20064,416.23
2026-06-12 19:34:00,2.20064,2.20069,2.20053,2.20058,128.28
2026-06-12 19:35:00,2.20058,2.20062,2.20038,2.20042,202.73
2026-06-12 19:36:00,2.20042,2.20067,2.20037,2.20063,88.7
2026-06-12 19:37:00,2.20063,2.20067,2.20051,2.20055,300.32
2026-06-12 19:38:00,2.20055,2.20056,2.20035,2.20037,124.88
2026-06-12 19:39:00,2.20037,2.20038,2.20018,2.2002,98.09
2026-06-12 19:40:00,2.2002,2.20035,2.20019,2.20034,141.71
2026-06-12 19:41:00,2.20034,2.20049,2.20031,2.20046,107.29
2026-06-12 19:42:00,2.20046,2.20052,2.20011,2.20017,123.29
2026-06-12 19:43:00,2.20017,2.20028,2.19999,2.2001,119.94
2026-06-12 19:44:00,2.2001,2.20012,2.19989,2.19991,158.95
2026-06-12 19:45:00,2.19991,2.19996,2.19983,2.19988,68.8
2026-06-12 19:46:00,2.19988,2.19989,2.19966,2.19968,158.86
2026-06-12 19:47:00,2.19968,2.19977,2.1995,2.19959,341.92
2026-06-12 19:48:00,2.19959,2.19973,2.19946,2.1996,218.06
2026-06-12 19:49:00,2.1996,2.1996,2.19948,2.19949,123.3
2026-06-12 19:50:00,2.19949,2.19967,2.19949,2.19966,185.02
2026-06-12 19:51:00,2.19966,2.19984,2.19957,2.19975,87.11
2026-06-12 19:52:00,2.19975,2.19988,2.19968,2.19981,172.3
2026-06-12 19:53:00,2.19981,2.19982,2.19958,2.19958,132.87
2026-06-12 19:54:00,2.19958,2.19977,2.19947,2.19965,149.31
2026-06-12 19:55:00,2.19965,2.20008,2.19955,2.19998,101.81
2026-06-12 19:56:00,2.19998,2.20021,2.19988,2.20012,153.08
2026-06-12 19:57:00,2.20012,2.20023,2.20011,2.20021,150.13
2026-06-12 19:58:00,2.20021,2.20027,2.20009,2.20014,113.13
2026-06-12 19:59:00,2.20014,2.20023,2.20002,2.20011,128.0
2026-06-12 20:00:00,2.20011,2.20021,2.19996,2.20006,232.62
2026-06-12 20:01:00,2.20006,2.20015,2.20004,2.20012,163.04
2026-06-12 20:02:00,2.20012,2.20034,2.20002,2.20023,251.5
2026-06-12 20:03:00,2.20023,2.2004,2.20018,2.20034,138.47
2026-06-12 20:04:00,2.20034,2.20058,2.20031,2.20055,126.32
2026-06-12 20:05:00,2.20055,2.20072,2.20043,2.2006,170.36
2026-06-12 20:06:00,2.2006,2.20063,2.20035,2.20039,165.37
2026-06-12 20:07:00,2.20039,2.20052,2.20035,2.20048,171.15
2026-06-12 20:08:00,2.20048,2.20065,2.20045,2.20062,419.41
2026-06-12 20:09:00,2.20062,2.20076,2.20058,2.20072,84.67
2026-06-12 20:10:00,2.20072,2.20088,2.20067,2.20082,100.51
2026-06-12 20:11:00,2.20082,2.20084,2.20075,2.20077,180.11
2026-06-12 20:12:00,2.20077,2.20096,2.20065,2.20084,109.47
2026-06-12 20:13:00,2.20084,2.2009,2.20083,2.20088,188.38
2026-06-12 20:14:00,2.20088,2.20095,2.20047,2.20054,218.68
2026-06-12 20:15:00,2.20054,2.20062,2.20036,2.20045,171.58
2026-06-12 20:16:00,2.20045,2.20056,2.20044,2.20055,262.54
2026-06-12 20:17:00,2.20055,2.20063,2.20034,2.20043,166.95
2026-06-12 20:18:00,2.20043,2.20049,2.20037,2.20043,201.42
2026-06-12 20:19:00,2.20043,2.20062,2.2003,2.2005,124.98
2026-06-12 20:20:00,2.2005,2.20081,2.20032,2.20063,92.73
2026-06-12 20:21:00,2.20063,2.20082,2.20052,2.2007,96.04
2026-06-12 20:22:00,2.2007,2.20088,2.20064,2.20082,119.45
2026-06-12 20:23:00,2.20082,2.20086,2.20065,2.20069,80.41
2026-06-12 20:24:00,2.20069,2.2009,2.20058,2.20079,142.03
2026-06-12 20:25:00,2.20079,2.20083,2.20062,2.20066,97.07
2026-06-12 20:26:00,2.20066,2.20072,2.20025,2.20031,92.86
2026-06-12 20:27:00,2.20031,2.20046,2.20029,2.20044,173.57
2026-06-12 20:28:00,2.20044,2.20047,2.20026,2.20029,129.37
2026-06-12 20:29:00,2.20029,2.20038,2.19967,2.19975,241.07
2026-06-12 20:30:00,2.19975,2.19983,2.19975,2.19983,103.51
2026-06-12 20:31:00,2.19983,2.19997,2.19978,2.19992,134.79
2026-06-12 20:32:00,2.19992,2.19997,2.1998,2.19985,234.41
2026-06-12 20:33:00,2.19985,2.19996,2.19981,2.19991,197.21
2026-06-12 20:34:00,2.19991,2.19994,2.19977,2.1998,200.42
2026-06-12 20:35:00,2.1998,2.19988,2.19965,2.19973,182.66
2026-06-12 20:36:00,2.19973,2.19981,2.19966,2.19974,124.3
2026-06-12 20:37:00,2.19974,2.19988,2.19967,2.19981,169.75
2026-06-12 20:38:00,2.19981,2.19997,2.1993,2.19946,225.16
2026-06-12 20:39:00,2.19946,2.19967,2.19941,2.19963,111.36
2026-06-12 20:40:00,2.19963,2.19965,2.19949,2.19951,173.24
2026-06-12 20:41:00,2.19951,2.19996,2.19948,2.19993,155.57
2026-06-12 20:42:00,2.19993,2.2,2.19989,2.19997,119.45
2026-06-12 20:43:00,2.19997,2.20001,2.1996,2.19964,153.59
2026-06-12 20:44:00,2.19964,2.19998,2.19953,2.19987,137.2
2026-06-12 20:45:00,2.19987,2.20046,2.19967,2.20026,211.48
2026-06-12 20:46:00,2.20026,2.20052,2.20016,2.20042,127.13
2026-06-12 20:47:00,2.20042,2.20042,2.20034,2.20034,119.71
2026-06-12 20:48:00,2.20034,2.20038,2.20023,2.20027,236.98
2026-06-12 20:49:00,2.20027,2.2004,2.20024,2.20038,159.81
2026-06-12 20:50:00,2.20038,2.20045,2.20037,2.20043,246.73
2026-06-12 20:51:00,2.20043,2.20075,2.20043,2.20074,201.42
2026-06-12 20:52:00,2.20074,2.20092,2.20064,2.20082,141.96
2026-06-12 20:53:00,2.20082,2.20096,2.20075,2.20089,159.97
2026-06-12 20:54:00,2.20089,2.20089,2.20058,2.20058,148.62
2026-06-12 20:55:00,2.20058,2.20059,2.20023,2.20024,86.75
2026-06-12 20:56:00,2.20024,2.20042,2.20015,2.20034,179.99
2026-06-12 20:57:00,2.20034,2.2004,2.20015,2.20021,106.45
2026-06-12 20:58:00,2.20021,2.2004,2.2002,2.2004,143.34
2026-06-12 20:59:00,2.2004,2.20041,2.20028,2.20029,116.54
2026-06-12 21:00:00,2.20029,2.20039,2.20016,2.20026,67.35
2026-06-12 21:01:00,2.20026,2.20041,2.20022,2.20037,282.29
2026-06-12 21:02:00,2.20037,2.20042,2.20019,2.20024,110.92
2026-06-12 21:03:00,2.20024,2.20036,2.20019,2.20031,82.77
2026-06-12 21:04:00,2.20031,2.20041,2.20009,2.20019,233.2
2026-06-12 21:05:00,2.20019,2.20026,2.20006,2.20012,165.06
2026-06-12 21:06:00,2.20012,2.20014,2.19983,2.19984,105.8
2026-06-12 21:07:00,2.19984,2.19999,2.19977,2.19992,90.03
2026-06-12 21:08:00,2.19992,2.20012,2.19987,2.20007,125.76
2026-06-12 21:09:00,2.20007,2.20029,2.19999,2.20021,77.42
2026-06-12 21:10:00,2.20021,2.20023,2.20011,2.20013,134.4
2026-06-12 21:11:00,2.20013,2.20016,2.19971,2.19974,98.55
2026-06-12 21:12:00,2.19974,2.19974,2.19973,2.19973,170.69
2026-06-12 21:13:00,2.19973,2.19988,2.19971,2.19986,264.67
2026-06-12 21:14:00,2.19986,2.20018,2.19979,2.20011,94.94
2026-06-12 21:15:00,2.20011,2.20014,2.20005,2.20008,110.02
2026-06-12 21:16:00,2.20008,2.20022,2.20002,2.20017,162.84
2026-06-12 21:17:00,2.20017,2.20032,2.20015,2.20031,125.47
2026-06-12 21:18:00,2.20031,2.20032,2.19993,2.19995,127.33
2026-06-12 21:19:00,2.19995,2.20011,2.19992,2.20008,110.05
2026-06-12 21:20:00,2.20008,2.2001,2.19995,2.19996,147.17
2026-06-12 21:21:00,2.19996,2.19997,2.19969,2.1997,130.34
2026-06-12 21:22:00,2.1997,2.19985,2.19922,2.19936,174.57
2026-06-12 21:23:00,2.19936,2.19944,2.19901,2.19909,212.18
2026-06-12 21:24:00,2.19909,2.19909,2.19904,2.19905,98.73
2026-06-12 21:25:00,2.19905,2.19905,2.19902,2.19902,114.6
2026-06-12 21:26:00,2.19902,2.19925,2.199,2.19923,141.44
2026-06-12 21:27:00,2.19923,2.19926,2.19908,2.19912,102.43
2026-06-12 21:28:00,2.19912,2.19912,2.1991,2.1991,86.98
2026-06-12 21:29:00,2.1991,2.19914,2.19898,2.19902,150.01
2026-06-12 21:30:00,2.19902,2.19926,2.19898,2.19922,136.26
2026-06-12 21:31:00,2.19922,2.19959,2.1992,2.19957,251.78
2026-06-12 21:32:00,2.19957,2.1998,2.19954,2.19977,114.55
2026-06-12 21:33:00,2.19977,2.20009,2.19973,2.20005,106.21
2026-06-12 21:34:00,2.20005,2.20028,2.20002,2.20025,85.72
2026-06-12 21:35:00,2.20025,2.20058,2.2002,2.20053,235.65
2026-06-12 21:36:00,2.20053,2.20059,2.20027,2.20034,101.3
2026-06-12 21:37:00,2.20034,2.20038,2.2001,2.20015,208.2
2026-06-12 21:38:00,2.20015,2.20025,2.19986,2.19997,90.06
2026-06-12 21:39:00,2.19997,2.20021,2.19993,2.20017,189.16
2026-06-12 21:40:00,2.20017,2.20024,2.20011,2.20018,101.33
2026-06-12 21:41:00,2.20018,2.20018,2.20016,2.20016,157.51
2026-06-12 21:42:00,2.20016,2.20023,2.20003,2.20009,153.97
2026-06-12 21:43:00,2.20009,2.20032,2.19997,2.2002,146.95
2026-06-12 21:44:00,2.2002,2.20043,2.20014,2.20037,144.93
2026-06-12 21:45:00,2.20037,2.20048,2.20031,2.20042,187.56
2026-06-12 21:46:00,2.20042,2.20056,2.20033,2.20047,143.81
2026-06-12 21:47:00,2.20047,2.20049,2.20033,2.20036,156.14
2026-06-12 21:48:00,2.20036,2.20041,2.20032,2.20038,170.14
2026-06-12 21:49:00,2.20038,2.20041,2.20029,2.20033,178.81
2026-06-12 21:50:00,2.20033,2.20042,2.20031,2.2004,105.91
2026-06-12 21:51:00,2.2004,2.20064,2.20031,2.20055,123.46
2026-06-12 21:52:00,2.20055,2.20069,2.20053,2.20068,145.4
2026-06-12 21:53:00,2.20068,2.20074,2.20067,2.20074,168.7
2026-06-12 21:54:00,2.20074,2.20078,2.20062,2.20066,308.17
2026-06-12 21:55:00,2.20066,2.20071,2.2004,2.20045,167.48
2026-06-12 21:56:00,2.20045,2.20055,2.20043,2.20053,215.28
2026-06-12 21:57:00,2.20053,2.20057,2.20038,2.20042,243.02
2026-06-12 21:58:00,2.20042,2.20042,2.20041,2.20041,125.87
2026-06-12 21:59:00,2.20041,2.20049,2.20004,2.20012,188.68
2026-06-12 22:00:00,2.20012,2.2002,2.20008,2.20016,204.01
2026-06-12 22:01:00,2.20016,2.20024,2.19976,2.19984,197.53
2026-06-12 22:02:00,2.19984,2.20008,2.1998,2.20005,128.54
2026-06-12 22:03:00,2.20005,2.20022,2.19997,2.20014,180.78
2026-06-12 22:04:00,2.20014,2.20039,2.2001,2.20035,181.51
2026-06-12 22:05:00,2.20035,2.20045,2.19994,2.20004,205.0
2026-06-12 22:06:00,2.20004,2.20028,2.20003,2.20026,130.22
2026-06-12 22:07:00,2.20026,2.20041,2.2002,2.20035,119.01
2026-06-12 22:08:00,2.20035,2.20038,2.20031,2.20035,155.94
2026-06-12 22:09:00,2.20035,2.20038,2.20016,2.20019,158.31
2026-06-12 22:10:00,2.20019,2.20026,2.20013,2.2002,213.54
2026-06-12 22:11:00,2.2002,2.20035,2.20013,2.20028,179.61
2026-06-12 22:12:00,2.20028,2.20059,2.20015,2.20047,132.26
2026-06-12 22:13:00,2.20047,2.20053,2.20025,2.20031,163.58
2026-06-12 22:14:00,2.20031,2.20032,2.20013,2.20014,211.91
2026-06-12 22:15:00,2.20014,2.20017,2.19988,2.19991,139.55
2026-06-12 22:16:00,2.19991,2.19994,2.19964,2.19967,201.03
2026-06-12 22:17:00,2.19967,2.19992,2.19961,2.19987,107.48
2026-06-12 22:18:00,2.19987,2.19994,2.19966,2.19973,128.47
2026-06-12 22:19:00,2.19973,2.19983,2.19971,2.1998,160.56
2026-06-12 22:20:00,2.1998,2.19983,2.19939,2.19942,170.68
2026-06-12 22:21:00,2.19942,2.19952,2.19941,2.19951,148.44
2026-06-12 22:22:00,2.19951,2.19963,2.19947,2.1996,422.03
2026-06-12 22:23:00,2.1996,2.19971,2.19944,2.19955,117.19
2026-06-12 22:24:00,2.19955,2.19956,2.19953,2.19954,110.46
2026-06-12 22:25:00,2.19954,2.19961,2.19952,2.1996,186.02
2026-06-12 22:26:00,2.1996,2.19981,2.19958,2.19979,434.13
2026-06-12 22:27:00,2.19979,2.19988,2.19976,2.19985,171.84
2026-06-12 22:28:00,2.19985,2.20026,2.19982,2.20024,129.48
2026-06-12 22:29:00,2.20024,2.20025,2.20017,2.20018,218.27
2026-06-12 22:30:00,2.20018,2.20044,2.20005,2.20031,188.92
2026-06-12 22:31:00,2.20031,2.20041,2.20027,2.20037,91.46
2026-06-12 22:32:00,2.20037,2.2004,2.2003,2.20032,149.89
2026-06-12 22:33:00,2.20032,2.20034,2.20029,2.20031,107.4
2026-06-12 22:34:00,2.20031,2.20035,2.20012,2.20015,92.92
2026-06-12 22:35:00,2.20015,2.20015,2.20001,2.20001,138.25
2026-06-12 22:36:00,2.20001,2.20015,2.19997,2.20011,158.54
2026-06-12 22:37:00,2.20011,2.20013,2.2,2.20002,105.27
2026-06-12 22:38:00,2.20002,2.2006,2.19995,2.20053,101.76
2026-06-12 22:39:00,2.20053,2.20067,2.20041,2.20055,136.23
2026-06-12 22:40:00,2.20055,2.20083,2.20044,2.20073,120.65
2026-06-12 22:41:00,2.20073,2.20098,2.20069,2.20094,104.16
2026-06-12 22:42:00,2.20094,2.201,2.2009,2.20095,160.98
2026-06-12 22:43:00,2.20095,2.20109,2.20085,2.20099,120.81
2026-06-12 22:44:00,2.20099,2.20108,2.20082,2.20092,202.95
2026-06-12 22:45:00,2.20092,2.20115,2.20088,2.20111,163.16
2026-06-12 22:46:00,2.20111,2.20121,2.2011,2.2012,103.84
2026-06-12 22:47:00,2.2012,2.20128,2.20081,2.20089,170.24
2026-06-12 22:48:00,2.20089,2.20115,2.20089,2.20114,148.2
2026-06-12 22:49:00,2.20114,2.20117,2.20086,2.20088,153.07
2026-06-12 22:50:00,2.20088,2.20089,2.20086,2.20087,182.47
2026-06-12 22:51:00,2.20087,2.20095,2.20087,2.20095,152.58
2026-06-12 22:52:00,2.20095,2.20111,2.20089,2.20106,149.32
2026-06-12 22:53:00,2.20106,2.20106,2.20094,2.20094,101.22
2026-06-12 22:54:00,2.20094,2.20099,2.20055,2.2006,84.37
2026-06-12 22:55:00,2.2006,2.20075,2.20052,2.20067,112.8
2026-06-12 22:56:00,2.20067,2.20075,2.2004,2.20048,189.71
2026-06-12 22:57:00,2.20048,2.20061,2.20044,2.20057,203.51
2026-06-12 22:58:00,2.20057,2.20065,2.20011,2.20018,158.45
2026-06-12 22:59:00,2.20018,2.20029,2.19994,2.20005,153.13
2026-06-12 23:00:00,2.20005,2.20008,2.19997,2.2,148.54
2026-06-12 23:01:00,2.2,2.20006,2.19991,2.19997,145.01
2026-06-12 23:02:00,2.19997,2.19997,2.19948,2.19948,131.69
2026-06-12 23:03:00,2.19948,2.19968,2.19946,2.19965,98.88
2026-06-12 23:04:00,2.19965,2.19985,2.19962,2.19981,148.06
2026-06-12 23:05:00,2.19981,2.19991,2.19963,2.19974,144.59
2026-06-12 23:06:00,2.19974,2.19992,2.19971,2.19989,228.8
2026-06-12 23:07:00,2.19989,2.2003,2.19986,2.20027,163.85
2026-06-12 23:08:00,2.20027,2.20027,2.20012,2.20012,184.25
2026-06-12 23:09:00,2.20012,2.20026,2.20003,2.20017,172.04
2026-06-12 23:10:00,2.20017,2.2002,2.19989,2.19991,93.6
2026-06-12 23:11:00,2.19991,2.20006,2.19987,2.20002,83.53
2026-06-12 23:12:00,2.20002,2.20045,2.2,2.20043,110.17
2026-06-12 23:13:00,2.20043,2.20077,2.20042,2.20076,110.01
2026-06-12 23:14:00,2.20076,2.20093,2.20068,2.20085,95.84
2026-06-12 23:15:00,2.20085,2.20097,2.20085,2.20097,97.48
2026-06-12 23:16:00,2.20097,2.20124,2.20081,2.20109,145.79
2026-06-12 23:17:00,2.20109,2.20146,2.201,2.20136,129.05
2026-06-12 23:18:00,2.20136,2.20141,2.20109,2.20114,92.14
2026-06-12 23:19:00,2.20114,2.20121,2.20079,2.20086,144.9
2026-06-12 23:20:00,2.20086,2.20094,2.20075,2.20083,143.35
2026-06-12 23:21:00,2.20083,2.20088,2.2007,2.20075,170.43
2026-06-12 23:22:00,2.20075,2.20082,2.2006,2.20067,219.22
2026-06-12 23:23:00,2.20067,2.20069,2.20054,2.20056,158.99
2026-06-12 23:24:00,2.20056,2.20059,2.20044,2.20047,116.55
2026-06-12 23:25:00,2.20047,2.20055,2.20018,2.20026,183.65
2026-06-12 23:26:00,2.20026,2.20034,2.19993,2.20001,252.69
2026-06-12 23:27:00,2.20001,2.20044,2.19989,2.20032,75.77
2026-06-12 23:28:00,2.20032,2.20074,2.20026,2.20068,152.69
2026-06-12 23:29:00,2.20068,2.20081,2.2006,2.20073,192.04
2026-06-12 23:30:00,2.20073,2.20088,2.20071,2.20086,136.64
2026-06-12 23:31:00,2.20086,2.20118,2.2007,2.20102,139.22
2026-06-12 23:32:00,2.20102,2.20109,2.2008,2.20087,148.6
2026-06-12 23:33:00,2.20087,2.20101,2.2008,2.20094,128.88
2026-06-12 23:34:00,2.20094,2.20101,2.20082,2.20089,98.06
2026-06-12 23:35:00,2.20089,2.20103,2.20081,2.20095,173.66
2026-06-12 23:36:00,2.20095,2.20117,2.20094,2.20117,176.0
2026-06-12 23:37:00,2.20117,2.20124,2.20089,2.20096,137.81
2026-06-12 23:38:00,2.20096,2.20128,2.20094,2.20126,228.74
2026-06-12 23:39:00,2.20126,2.20148,2.20118,2.20139,150.87
2026-06-12 23:40:00,2.20139,2.20152,2.20122,2.20134,186.33
2026-06-12 23:41:00,2.20134,2.20155,2.20124,2.20145,247.44
2026-06-12 23:42:00,2.20145,2.20158,2.20115,2.20128,156.39
2026-06-12 23:43:00,2.20128,2.20134,2.20125,2.20131,105.9
2026-06-12 23:44:00,2.20131,2.20143,2.20093,2.20106,124.03
2026-06-12 23:45:00,2.20106,2.20113,2.20101,2.20109,122.05
2026-06-12 23:46:00,2.20109,2.2011,2.20068,2.2007,107.89
2026-06-12 23:47:00,2.2007,2.20086,2.20062,2.20078,130.77
2026-06-12 23:48:00,2.20078,2.20078,2.2006,2.2006,167.15
2026-06-12 23:49:00,2.2006,2.20088,2.20058,2.20087,71.98
2026-06-12 23:50:00,2.20087,2.20094,2.20054,2.20061,135.83
2026-06-12 23:51:00,2.20061,2.20069,2.20038,2.20045,118.39
2026-06-12 23:52:00,2.20045,2.20077,2.20041,2.20073,227.18
2026-06-12 23:53:00,2.20073,2.20086,2.20067,2.2008,140.89
2026-06-12 23:54:00,2.2008,2.20085,2.20061,2.20066,114.66
2026-06-12 23:55:00,2.20066,2.20074,2.20009,2.20017,180.31
2026-06-12 23:56:00,2.20017,2.20055,2.20014,2.20051,149.74
2026-06-12 23:57:00,2.20051,2.20057,2.20031,2.20037,249.23
2026-06-12 23:58:00,2.20037,2.20066,2.20035,2.20064,145.23
2026-06-12 23:59:00,2.20064,2.20068,2.2006,2.20065,193.55
2026-06-13 00:00:00,2.20065,2.2009,2.20055,2.20081,206.7
2026-06-13 00:01:00,2.20081,2.20086,2.20061,2.20066,179.44
2026-06-13 00:02:00,2.20066,2.20071,2.20025,2.20029,140.54
2026-06-13 00:03:00,2.20029,2.20037,2.20028,2.20035,205.25
2026-06-13 00:04:00,2.20035,2.20036,2.20028,2.20028,108.99
2026-06-13 00:05:00,2.20028,2.20033,2.20016,2.20021,189.26
2026-06-13 00:06:00,2.20021,2.2003,2.20004,2.20013,221.92
2026-06-13 00:07:00,2.20013,2.20044,2.20012,2.20043,132.44
2026-06-13 00:08:00,2.20043,2.20045,2.20019,2.20021,154.75
2026-06-13 00:09:00,2.20021,2.20025,2.19994,2.19997,193.23
2026-06-13 00:10:00,2.19997,2.20004,2.19981,2.19989,92.48
2026-06-13 00:11:00,2.19989,2.20007,2.19987,2.20005,117.05
2026-06-13 00:12:00,2.20005,2.20014,2.20004,2.20012,102.52
2026-06-13 00:13:00,2.20012,2.20017,2.19998,2.20003,237.76
2026-06-13 00:14:00,2.20003,2.20031,2.1999,2.20019,154.28
2026-06-13 00:15:00,2.20019,2.2002,2.19999,2.20001,137.06
2026-06-13 00:16:00,2.20001,2.20022,2.19999,2.20021,322.97
2026-06-13 00:17:00,2.20021,2.20023,2.2001,2.20013,208.4
2026-06-13 00:18:00,2.20013,2.20037,2.20005,2.20028,132.23
2026-06-13 00:19:00,2.20028,2.20033,2.20024,2.20029,198.42
2026-06-13 00:20:00,2.20029,2.2003,2.20015,2.20016,125.66
2026-06-13 00:21:00,2.20016,2.20024,2.20013,2.20021,105.15
2026-06-13 00:22:00,2.20021,2.2003,2.20016,2.20025,117.79
2026-06-13 00:23:00,2.20025,2.20044,2.20017,2.20036,191.42
2026-06-13 00:24:00,2.20036,2.20043,2.19997,2.20004,175.79
2026-06-13 00:25:00,2.20004,2.20006,2.19984,2.19986,85.38
2026-06-13 00:26:00,2.19986,2.20005,2.19981,2.2,140.29
2026-06-13 00:27:00,2.2,2.20035,2.19999,2.20034,246.16
2026-06-13 00:28:00,2.20034,2.20055,2.20029,2.20049,160.75
2026-06-13 00:29:00,2.20049,2.20069,2.20045,2.20064,200.59
2026-06-13 00:30:00,2.20064,2.20069,2.20058,2.20062,150.54
2026-06-13 00:31:00,2.20062,2.20085,2.20058,2.20081,233.01
2026-06-13 00:32:00,2.20081,2.2009,2.20063,2.20072,222.72
2026-06-13 00:33:00,2.20072,2.20075,2.20037,2.20039,98.12
2026-06-13 00:34:00,2.20039,2.20048,2.2002,2.20029,266.88
2026-06-13 00:35:00,2.20029,2.20041,2.20024,2.20036,202.12
2026-06-13 00:36:00,2.20036,2.20056,2.20033,2.20054,107.3
2026-06-13 00:37:00,2.20054,2.2009,2.20047,2.20084,129.46
2026-06-13 00:38:00,2.20084,2.20097,2.20082,2.20096,274.12
2026-06-13 00:39:00,2.20096,2.2011,2.20092,2.20106,112.46
2026-06-13 00:40:00,2.20106,2.2012,2.20088,2.20102,85.53
2026-06-13 00:41:00,2.20102,2.20105,2.20099,2.20102,84.42
2026-06-13 00:42:00,2.20102,2.20103,2.20083,2.20085,84.05
2026-06-13 00:43:00,2.20085,2.20085,2.20054,2.20054,197.52
2026-06-13 00:44:00,2.20054,2.20068,2.20049,2.20063,172.94
2026-06-13 00:45:00,2.20063,2.20067,2.20047,2.20051,165.31
2026-06-13 00:46:00,2.20051,2.20066,2.2005,2.20065,201.97
2026-06-13 00:47:00,2.20065,2.201,2.20056,2.20091,138.5
2026-06-13 00:48:00,2.20091,2.20096,2.20074,2.20079,134.76
2026-06-13 00:49:00,2.20079,2.20096,2.2007,2.20087,345.7
2026-06-13 00:50:00,2.20087,2.20088,2.20068,2.20068,216.28
2026-06-13 00:51:00,2.20068,2.20078,2.20059,2.20069,151.42
2026-06-13 00:52:00,2.20069,2.20078,2.20063,2.20071,124.14
2026-06-13 00:53:00,2.20071,2.20074,2.2005,2.20053,98.85
2026-06-13 00:54:00,2.20053,2.20063,2.2005,2.20061,178.48
2026-06-13 00:55:00,2.20061,2.20071,2.20061,2.20071,154.41
2026-06-13 00:56:00,2.20071,2.20087,2.20069,2.20085,77.88
2026-06-13 00:57:00,2.20085,2.20095,2.20077,2.20087,90.1
2026-06-13 00:58:00,2.20087,2.20087,2.20078,2.20079,169.12
2026-06-13 00:59:00,2.20079,2.2008,2.20075,2.20076,188.99
2026-06-13 01:00:00,2.20076,2.20085,2.20061,2.2007,155.69
2026-06-13 01:01:00,2.2007,2.20072,2.20058,2.2006,96.16
2026-06-13 01:02:00,2.2006,2.2008,2.20022,2.20043,199.14
2026-06-13 01:03:00,2.20043,2.2005,2.20013,2.2002,130.28
2026-06-13 01:04:00,2.2002,2.20023,2.20014,2.20017,216.6
2026-06-13 01:05:00,2.20017,2.20044,2.20011,2.20038,229.8
2026-06-13 01:06:00,2.20038,2.20039,2.20031,2.20032,133.5
2026-06-13 01:07:00,2.20032,2.20058,2.20032,2.20057,206.57
2026-06-13 01:08:00,2.20057,2.20058,2.20055,2.20055,236.37
2026-06-13 01:09:00,2.20055,2.20062,2.2003,2.20036,88.91
2026-06-13 01:10:00,2.20036,2.20053,2.20036,2.20052,137.27
2026-06-13 01:11:00,2.20052,2.20055,2.20027,2.2003,167.99
2026-06-13 01:12:00,2.2003,2.20045,2.20007,2.20022,149.19
2026-06-13 01:13:00,2.20022,2.20052,2.20014,2.20044,177.32
2026-06-13 01:14:00,2.20044,2.20051,2.20019,2.20026,205.67
2026-06-13 01:15:00,2.20026,2.2003,2.20016,2.2002,127.99
2026-06-13 01:16:00,2.2002,2.20042,2.2001,2.20033,83.72
2026-06-13 01:17:00,2.20033,2.2005,2.20031,2.20048,172.24
2026-06-13 01:18:00,2.20048,2.2007,2.20045,2.20067,189.88
2026-06-13 01:19:00,2.20067,2.20072,2.20042,2.20048,94.44
2026-06-13 01:20:00,2.20048,2.20053,2.20026,2.20032,185.35
2026-06-13 01:21:00,2.20032,2.20038,2.20021,2.20027,114.89
2026-06-13 01:22:00,2.20027,2.20034,2.1999,2.19997,92.34
2026-06-13 01:23:00,2.19997,2.20003,2.19974,2.1998,107.53
2026-06-13 01:24:00,2.1998,2.20011,2.19976,2.20008,158.39
2026-06-13 01:25:00,2.20008,2.20043,2.20007,2.20042,106.35
2026-06-13 01:26:00,2.20042,2.20044,2.20023,2.20025,217.25
2026-06-13 01:27:00,2.20025,2.20061,2.20024,2.2006,292.28
2026-06-13 01:28:00,2.2006,2.20061,2.20038,2.20039,69.04
2026-06-13 01:29:00,2.20039,2.2005,2.20004,2.20015,164.56
2026-06-13 01:30:00,2.20015,2.20022,2.19986,2.19993,82.87
2026-06-13 01:31:00,2.19993,2.19995,2.19982,2.19984,151.48
2026-06-13 01:32:00,2.19984,2.19994,2.19972,2.19982,180.42
2026-06-13 01:33:00,2.19982,2.19986,2.19979,2.19982,203.69
2026-06-13 01:34:00,2.19982,2.20005,2.19976,2.19999,182.11
2026-06-13 01:35:00,2.19999,2.20008,2.19991,2.2,164.49
2026-06-13 01:36:00,2.2,2.20001,2.1998,2.1998,239.95
2026-06-13 01:37:00,2.1998,2.19986,2.19974,2.19979,121.68
2026-06-13 01:38:00,2.19979,2.19992,2.19973,2.19986,100.48
2026-06-13 01:39:00,2.19986,2.19988,2.1996,2.19962,160.0
2026-06-13 01:40:00,2.19962,2.19963,2.19924,2.19926,180.62
2026-06-13 01:41:00,2.19926,2.19927,2.199,2.19902,82.42
2026-06-13 01:42:00,2.19902,2.19903,2.19893,2.19895,169.99
2026-06-13 01:43:00,2.19895,2.19914,2.19892,2.19912,198.25
2026-06-13 01:44:00,2.19912,2.19917,2.19891,2.19896,157.96
2026-06-13 01:45:00,2.19896,2.19896,2.19862,2.19862,109.64
2026-06-13 01:46:00,2.19862,2.19891,2.19859,2.19888,114.58
2026-06-13 01:47:00,2.19888,2.19896,2.19841,2.19848,159.11
2026-06-13 01:48:00,2.19848,2.19856,2.19846,2.19854,98.58
2026-06-13 01:49:00,2.19854,2.19875,2.19851,2.19872,128.38
2026-06-13 01:50:00,2.19872,2.19897,2.19871,2.19895,149.68
2026-06-13 01:51:00,2.19895,2.19901,2.19875,2.19881,128.41
2026-06-13 01:52:00,2.19881,2.19893,2.19877,2.19889,207.57
2026-06-13 01:53:00,2.19889,2.19893,2.19883,2.19887,278.32
2026-06-13 01:54:00,2.19887,2.19891,2.1988,2.19885,106.34
2026-06-13 01:55:00,2.19885,2.19895,2.19872,2.19882,99.55
2026-06-13 01:56:00,2.19882,2.19884,2.19881,2.19883,172.24
2026-06-13 01:57:00,2.19883,2.19916,2.19872,2.19905,167.39
2026-06-13 01:58:00,2.19905,2.19913,2.19895,2.19904,184.67
2026-06-13 01:59:00,2.19904,2.19904,2.1986,2.19861,138.76
2026-06-13 02:00:00,2.19861,2.19862,2.19828,2.19829,133.67
2026-06-13 02:01:00,2.19829,2.19839,2.19805,2.19815,74.75
2026-06-13 02:02:00,2.19815,2.19833,2.19808,2.19826,107.29
2026-06-13 02:03:00,2.19826,2.19848,2.19823,2.19844,133.95
2026-06-13 02:04:00,2.19844,2.19866,2.19842,2.19863,181.14
2026-06-13 02:05:00,2.19863,2.19903,2.19862,2.19901,214.06
2026-06-13 02:06:00,2.19901,2.19909,2.19894,2.19902,122.08
2026-06-13 02:07:00,2.19902,2.19915,2.19896,2.19909,203.39
2026-06-13 02:08:00,2.19909,2.1994,2.19903,2.19933,108.36
2026-06-13 02:09:00,2.19933,2.19949,2.19921,2.19937,73.37
2026-06-13 02:10:00,2.19937,2.19954,2.19934,2.19951,227.18
2026-06-13 02:11:00,2.19951,2.19997,2.1995,2.19995,77.28
2026-06-13 02:12:00,2.19995,2.20001,2.19995,2.2,259.11
2026-06-13 02:13:00,2.2,2.20001,2.19993,2.19993,146.19
2026-06-13 02:14:00,2.19993,2.19994,2.19993,2.19994,142.82
2026-06-13 02:15:00,2.19994,2.2,2.19991,2.19997,124.38
2026-06-13 02:16:00,2.19997,2.20014,2.19994,2.20011,189.35
2026-06-13 02:17:00,2.20011,2.20022,2.19986,2.19996,110.91
2026-06-13 02:18:00,2.19996,2.20024,2.19994,2.20022,301.34
2026-06-13 02:19:00,2.20022,2.20023,2.20006,2.20007,267.93
2026-06-13 02:20:00,2.20007,2.20022,2.20007,2.20022,126.32
2026-06-13 02:21:00,2.20022,2.20029,2.20008,2.20015,182.96
2026-06-13 02:22:00,2.20015,2.20021,2.20013,2.20019,220.67
2026-06-13 02:23:00,2.20019,2.20032,2.20016,2.20029,130.54
2026-06-13 02:24:00,2.20029,2.20038,2.20028,2.20037,211.36
2026-06-13 02:25:00,2.20037,2.20043,2.20032,2.20038,197.51
2026-06-13 02:26:00,2.20038,2.20039,2.20013,2.20014,74.6
2026-06-13 02:27:00,2.20014,2.20036,2.20006,2.20027,147.59
2026-06-13 02:28:00,2.20027,2.20035,2.20024,2.20031,184.17
2026-06-13 02:29:00,2.20031,2.20034,2.20017,2.2002,144.82
2026-06-13 02:30:00,2.2002,2.20037,2.20017,2.20034,297.42
2026-06-13 02:31:00,2.20034,2.20047,2.20022,2.20034,113.03
2026-06-13 02:32:00,2.20034,2.20038,2.2001,2.20013,233.43
2026-06-13 02:33:00,2.20013,2.20021,2.20012,2.2002,150.07
2026-06-13 02:34:00,2.2002,2.20021,2.20013,2.20014,207.21
2026-06-13 02:35:00,2.20014,2.2004,2.20011,2.20037,283.82
2026-06-13 02:36:00,2.20037,2.20043,2.2001,2.20015,144.14
2026-06-13 02:37:00,2.20015,2.20017,2.19979,2.19981,178.83
2026-06-13 02:38:00,2.19981,2.19982,2.19978,2.19979,192.26
2026-06-13 02:39:00,2.19979,2.19992,2.19973,2.19986,119.45
2026-06-13 02:40:00,2.19986,2.19986,2.19968,2.19968,155.88
2026-06-13 02:41:00,2.19968,2.20035,2.19962,2.20029,153.39
2026-06-13 02:42:00,2.20029,2.20058,2.20027,2.20057,119.03
2026-06-13 02:43:00,2.20057,2.20081,2.20053,2.20076,161.43
2026-06-13 02:44:00,2.20076,2.20076,2.20069,2.2007,145.73
2026-06-13 02:45:00,2.2007,2.20078,2.20067,2.20075,176.34
2026-06-13 02:46:00,2.20075,2.20099,2.20067,2.20091,108.41
2026-06-13 02:47:00,2.20091,2.20095,2.20077,2.2008,143.52
2026-06-13 02:48:00,2.2008,2.20091,2.20079,2.2009,274.99
2026-06-13 02:49:00,2.2009,2.20092,2.20061,2.20063,241.6
2026-06-13 02:50:00,2.20063,2.20069,2.20045,2.2005,180.47
2026-06-13 02:51:00,2.2005,2.20051,2.20046,2.20046,201.59
2026-06-13 02:52:00,2.20046,2.20047,2.19999,2.19999,116.16
2026-06-13 02:53:00,2.19999,2.20006,2.19989,2.19996,136.29
2026-06-13 02:54:00,2.19996,2.20004,2.19975,2.19984,112.33
2026-06-13 02:55:00,2.19984,2.19992,2.19974,2.19982,151.19
2026-06-13 02:56:00,2.19982,2.19985,2.1997,2.19972,167.67
2026-06-13 02:57:00,2.19972,2.19974,2.19937,2.19939,138.43
2026-06-13 02:58:00,2.19939,2.19954,2.19932,2.19947,257.66
2026-06-13 02:59:00,2.19947,2.19956,2.19945,2.19954,104.59
